customer_id,recency_days,frequency,avg_order_value,support_tickets,email_open_rate,clv_12m,tau_hat
1,16,8,94.72,1.0,0.527,8365.67,0.371
2,23,10,77.96,1.0,0.504,8279.35,0.39
3,15,5,59.13,0.0,0.449,3281.72,0.3794
4,8,6,106.98,0.0,0.557,7394.46,0.3613
5,10,9,67.74,1.0,0.49,6950.12,0.4
6,10,12,84.8,0.0,0.632,11600.64,0.4
7,15,5,65.08,1.0,0.624,3611.94,0.3251
8,13,8,62.82,0.0,0.504,5638.72,0.4
9,16,5,89.86,0.0,0.482,4960.27,0.3864
10,20,10,72.41,0.0,0.583,7820.28,0.4
11,11,8,68.4,0.0,0.631,6205.25,0.4
12,13,11,90.42,0.0,0.586,11159.64,0.4
13,13,12,45.7,1.0,0.559,6153.05,0.4
14,14,5,81.7,1.0,0.698,4558.86,0.3065
15,9,7,98.73,1.0,0.497,7920.12,0.3874
16,14,10,74.47,0.0,0.511,8310.85,0.4
17,15,9,85.08,0.0,0.408,8499.49,0.4
18,11,7,82.58,1.0,0.739,6555.2,0.3732
19,15,8,56.22,0.0,0.556,4992.34,0.4
20,12,9,84.48,0.0,0.664,8576.41,0.4
21,18,7,106.04,0.0,0.609,8105.7,0.4
22,8,7,86.49,0.0,0.395,6974.55,0.4
23,7,9,71.21,1.0,0.472,7421.51,0.4
24,18,6,88.41,1.0,0.389,5792.62,0.3395
25,15,10,66.45,0.0,0.602,7375.95,0.4
26,15,9,74.8,1.0,0.579,7472.52,0.3786
27,25,9,67.13,1.0,0.453,6343.78,0.4
28,20,7,99.45,1.0,0.632,7518.42,0.4
29,12,7,71.66,0.0,0.542,5658.27,0.4
30,15,10,85.2,1.0,0.524,9457.2,0.4
31,17,7,68.94,1.0,0.528,5298.73,0.3774
32,16,8,72.3,0.0,0.505,6385.54,0.4
33,15,6,87.6,1.0,0.462,5834.16,0.3446
34,14,6,90.37,1.0,0.658,6051.18,0.3736
35,5,7,92.73,1.0,0.602,7594.59,0.4
36,17,11,99.31,1.0,0.518,11994.66,0.4
37,9,8,77.72,1.0,0.781,7125.37,0.336
38,18,5,77.92,1.0,0.556,4254.43,0.2817
39,9,10,74.04,1.0,0.555,8484.98,0.4
40,26,10,54.62,1.0,0.484,5702.33,0.4
41,9,8,92.57,1.0,0.43,8486.82,0.382
42,11,7,111.48,1.0,0.424,8849.28,0.3955
43,26,11,62.21,0.0,0.677,7144.2,0.4
44,16,10,71.1,0.0,0.226,7849.44,0.4
45,12,6,109.49,0.0,0.506,7410.28,0.3999
46,22,6,102.45,1.0,0.452,6565.0,0.3399
47,15,7,86.05,0.0,0.561,6686.09,0.4
48,23,6,117.0,0.0,0.535,7455.24,0.3916
49,15,7,81.88,0.0,0.491,6362.08,0.4
50,16,7,98.49,1.0,0.631,7611.31,0.3769
51,9,7,96.21,1.0,0.548,7717.97,0.3755
52,21,7,93.21,0.0,0.528,7007.53,0.4
53,18,10,104.58,1.0,0.618,11420.14,0.4
54,15,8,86.45,1.0,0.468,7676.76,0.4
55,7,6,102.37,1.0,0.612,7112.67,0.3749
56,13,7,86.14,0.0,0.648,6765.44,0.4
57,9,8,91.19,0.0,0.468,8360.3,0.4
58,15,7,77.93,1.0,0.405,6055.16,0.3178
59,9,8,89.66,1.0,0.636,8220.03,0.3872
60,13,6,84.72,0.0,0.582,5703.35,0.3692
61,17,12,83.37,1.0,0.619,10984.83,0.4
62,15,9,86.47,0.0,0.552,8638.35,0.4
63,22,10,117.3,0.0,0.637,12527.64,0.4
64,27,7,72.4,0.0,0.338,5260.58,0.3702
65,9,9,90.13,1.0,0.645,9296.01,0.3947
66,8,9,65.2,1.0,0.668,6759.94,0.3999
67,3,11,83.28,1.0,0.391,10828.07,0.4
68,14,9,78.25,1.0,0.443,7859.43,0.3977
69,14,10,95.67,0.0,0.397,10676.77,0.4
70,15,7,108.27,1.0,0.668,8412.58,0.362
71,26,12,81.27,1.0,0.615,10181.51,0.4
72,8,10,100.88,0.0,0.432,11621.38,0.4
73,12,10,107.54,1.0,0.713,12130.51,0.3846
74,3,8,90.76,0.0,0.343,8582.27,0.4
75,6,10,90.5,0.0,0.499,10534.2,0.4
76,13,10,70.21,1.0,0.497,7877.56,0.4
77,13,6,76.7,0.0,0.746,5163.44,0.3951
78,9,9,83.32,0.0,0.611,8593.62,0.4
79,10,7,80.87,0.0,0.398,6453.43,0.4
80,23,8,93.65,1.0,0.858,7956.5,0.3976
81,13,7,60.9,1.0,0.474,4783.09,0.3213
82,10,6,110.31,1.0,0.549,7545.2,0.3944
83,14,7,107.85,1.0,0.446,8425.24,0.3563
84,8,6,98.89,1.0,0.41,6835.28,0.3709
85,10,8,76.11,0.0,0.555,6941.23,0.4
86,15,8,81.42,0.0,0.492,7230.1,0.4
87,17,7,86.49,1.0,0.383,6647.62,0.3723
88,10,10,73.55,0.0,0.387,8384.7,0.4
89,15,7,94.58,0.0,0.543,7348.87,0.3737
90,10,9,72.09,0.0,0.651,7396.43,0.4
91,19,6,92.95,1.0,0.303,6056.62,0.3081
92,17,8,90.57,0.0,0.559,7955.67,0.4
93,21,9,90.06,0.0,0.501,8705.2,0.4
94,16,8,89.35,2.0,0.637,7891.39,0.3182
95,21,8,54.43,0.0,0.363,4676.63,0.4
96,14,12,89.9,0.0,0.633,12039.41,0.4
97,15,10,62.82,1.0,0.584,6973.02,0.4
98,17,13,87.73,1.0,0.504,12522.58,0.4
99,18,7,86.07,0.0,0.598,6579.19,0.4
100,20,7,80.95,0.0,0.506,6119.82,0.4
101,18,7,98.04,1.0,0.591,7494.18,0.4
102,9,6,58.32,1.0,0.615,4010.08,0.3503
103,15,6,121.69,1.0,0.561,8104.55,0.3618
104,16,9,73.14,1.0,0.738,7267.19,0.4
105,23,7,70.16,0.0,0.556,5215.69,0.4
106,3,12,82.63,0.0,0.449,11720.24,0.4
107,18,9,65.65,0.0,0.516,6452.08,0.4
108,12,5,81.31,0.0,0.28,4585.88,0.3744
109,12,10,112.73,1.0,0.523,12715.94,0.3928
110,29,9,85.21,0.0,0.57,7868.29,0.4
111,10,7,84.51,0.0,0.479,6743.9,0.4
112,12,12,45.24,1.0,0.675,6123.69,0.4
113,11,8,63.89,0.0,0.439,5796.1,0.4
114,19,11,95.83,0.0,0.498,11447.85,0.4
115,6,10,81.4,0.0,0.621,9474.96,0.4
116,11,11,68.78,1.0,0.609,8579.62,0.4
117,15,6,98.86,0.0,0.498,6584.08,0.4
118,9,6,61.65,1.0,0.422,4239.05,0.4
119,1,12,88.17,0.0,0.496,12633.0,0.4
120,13,11,86.71,1.0,0.514,10701.75,0.4
121,15,5,64.78,1.0,0.567,3595.29,0.3145
122,14,9,76.9,0.0,0.57,7723.84,0.4
123,16,5,100.44,1.0,0.576,5544.29,0.3475
124,23,11,57.39,0.0,0.488,6704.3,0.4
125,17,7,87.8,0.0,0.489,6748.31,0.3638
126,8,6,70.36,1.0,0.455,4863.28,0.4
127,16,9,72.12,1.0,0.492,7165.84,0.4
128,29,8,102.24,0.0,0.547,8391.86,0.4
129,10,12,95.62,0.0,0.613,13080.82,0.4
130,17,5,74.09,0.0,0.543,4067.54,0.3846
131,15,6,90.7,1.0,0.606,6040.62,0.3724
132,19,9,83.95,0.0,0.593,8205.27,0.4
133,15,6,68.78,1.0,0.546,4580.75,0.3604
134,14,9,99.07,0.0,0.56,9950.59,0.4
135,11,8,88.33,0.0,0.676,8013.3,0.4
136,12,8,106.7,1.0,0.653,9628.61,0.3414
137,15,10,86.23,1.0,0.498,9571.53,0.4
138,27,8,78.32,1.0,0.708,6503.69,0.3403
139,11,8,64.83,0.0,0.45,5881.38,0.4
140,13,9,108.26,0.0,0.648,10932.09,0.4
141,13,10,68.16,1.0,0.567,7647.55,0.4
142,15,13,75.43,0.0,0.488,10884.55,0.4
143,10,11,106.31,0.0,0.467,13331.27,0.4
144,10,10,88.04,0.0,0.705,10036.56,0.4
145,10,8,89.29,1.0,0.616,8143.25,0.4
146,12,7,64.31,0.0,0.547,5077.92,0.4
147,10,9,84.75,1.0,0.803,8695.35,0.3941
148,11,11,95.23,1.0,0.608,11878.99,0.4
149,17,11,97.31,1.0,0.657,11753.1,0.4
150,22,10,82.49,1.0,0.671,8809.93,0.3815
151,16,8,85.43,1.0,0.569,7545.18,0.3794
152,5,10,94.68,2.0,0.519,11077.56,0.3966
153,15,12,83.57,1.0,0.611,11131.52,0.4
154,11,9,101.1,0.0,0.563,10318.27,0.4
155,21,5,76.62,1.0,0.707,4114.49,0.306
156,10,12,63.28,0.0,0.594,8656.7,0.4
157,7,10,88.66,0.0,0.422,10266.83,0.4
158,17,8,112.7,0.0,0.397,9899.57,0.4
159,13,9,81.38,1.0,0.425,8217.75,0.4
160,13,11,90.14,1.0,0.607,11125.08,0.4
161,17,11,87.95,1.0,0.541,10622.6,0.4
162,9,12,84.4,0.0,0.563,11606.69,0.4
163,19,7,78.31,0.0,0.505,5953.13,0.3293
164,4,10,96.79,1.0,0.453,11382.5,0.4
165,13,6,107.55,1.0,0.528,7240.27,0.3448
166,15,4,81.29,0.0,0.45,3609.28,0.3416
167,24,10,76.43,1.0,0.69,8071.01,0.4
168,14,7,95.47,1.0,0.64,7458.12,0.3811
169,20,7,104.76,1.0,0.758,7919.86,0.3293
170,24,9,75.23,0.0,0.518,7149.86,0.4
171,17,7,84.63,2.0,0.723,6504.66,0.3191
172,14,9,94.2,0.0,0.524,9461.45,0.4
173,16,10,77.75,1.0,0.427,8583.6,0.3741
174,15,11,110.26,0.0,0.658,13462.75,0.4
175,12,10,94.78,0.0,0.698,10691.18,0.4
176,10,9,92.41,1.0,0.495,9481.27,0.3899
177,13,11,93.15,0.0,0.627,11496.57,0.4
178,20,5,79.56,0.0,0.421,4296.24,0.3948
179,11,9,84.3,1.0,0.558,8603.66,0.3695
180,19,8,61.65,0.0,0.7,5356.15,0.4
181,11,8,80.18,2.0,0.588,7273.93,0.3509
182,20,9,81.11,0.0,0.543,7883.89,0.4
183,18,9,95.99,0.0,0.558,9433.9,0.3841
184,19,9,99.97,0.0,0.759,9771.07,0.4
185,20,6,94.19,0.0,0.488,6103.51,0.4
186,12,9,98.05,1.0,0.565,9954.04,0.4
187,28,8,88.02,1.0,0.661,7266.93,0.3896
188,17,6,109.5,0.0,0.58,7213.86,0.3634
189,13,9,89.82,1.0,0.711,9070.02,0.4
190,12,10,102.84,0.0,0.61,11600.35,0.4
191,12,11,82.75,1.0,0.533,10267.62,0.4
192,7,6,108.92,0.0,0.451,7567.76,0.3414
193,10,6,109.63,1.0,0.481,7498.69,0.4
194,19,8,47.51,2.0,0.411,4127.67,0.2726
195,20,13,105.76,1.0,0.609,14848.7,0.4
196,18,9,86.56,0.0,0.475,8507.12,0.4
197,3,8,70.17,0.0,0.568,6635.28,0.4
198,19,5,70.16,1.0,0.452,3809.69,0.3053
199,17,7,86.58,0.0,0.49,6654.54,0.4
200,4,9,84.71,1.0,0.572,8965.71,0.4
201,14,8,86.83,1.0,0.555,7752.18,0.3832
202,9,7,63.96,1.0,0.426,5130.87,0.3512
203,9,10,80.58,1.0,0.483,9234.47,0.4
204,8,13,67.19,1.0,0.613,10062.37,0.4
205,12,8,85.66,0.0,0.646,7729.96,0.4
206,10,6,83.68,2.0,0.47,5723.71,0.3492
207,24,7,93.53,1.0,0.512,6913.74,0.3359
208,10,6,75.26,0.0,0.553,5147.78,0.3769
209,15,5,89.96,1.0,0.351,4992.78,0.3312
210,21,6,110.09,1.0,0.479,7094.2,0.3263
211,17,9,93.08,0.0,0.567,9198.17,0.4
212,13,7,73.97,1.0,0.659,5809.6,0.3823
213,7,8,103.2,1.0,0.782,9560.45,0.4
214,15,8,87.0,0.0,0.621,7725.6,0.4
215,9,6,57.46,1.0,0.44,3950.95,0.2874
216,16,13,84.91,1.0,0.558,12186.28,0.4
217,19,8,89.01,1.0,0.483,7733.19,0.4
218,12,7,93.05,0.0,0.553,7347.23,0.4
219,20,9,84.62,1.0,0.689,8225.06,0.4
220,14,6,69.02,0.0,0.489,4621.58,0.3864
221,14,10,83.94,1.0,0.556,9367.7,0.3627
222,8,8,66.85,1.0,0.703,6160.9,0.4
223,12,11,87.23,0.0,0.489,10823.5,0.4
224,11,9,87.41,1.0,0.594,8921.06,0.4
225,19,6,46.69,1.0,0.413,3042.32,0.3253
226,6,5,93.12,1.0,0.492,5419.58,0.2603
227,10,9,62.82,1.0,0.548,6445.33,0.4
228,14,7,102.95,0.0,0.547,8042.45,0.384
229,11,7,82.41,1.0,0.413,6541.71,0.3196
230,22,8,74.96,1.0,0.489,6404.58,0.4
231,18,8,117.36,0.0,0.624,10252.57,0.4
232,21,12,85.48,0.0,0.596,11016.66,0.4
233,26,9,79.52,1.0,0.415,7471.7,0.3489
234,21,7,69.3,1.0,0.669,5209.97,0.3696
235,19,7,63.67,1.0,0.518,4840.19,0.3445
236,21,10,91.84,2.0,0.486,9863.62,0.3858
237,14,9,107.93,1.0,0.604,10840.49,0.4
238,11,7,69.33,0.0,0.756,5503.42,0.3849
239,12,8,89.61,1.0,0.636,8086.41,0.3685
240,12,9,81.27,1.0,0.599,8250.53,0.4
241,17,11,87.72,0.0,0.59,10594.82,0.4
242,10,10,103.57,1.0,0.581,11806.98,0.4
243,15,14,93.48,0.0,0.625,14526.79,0.4
244,21,10,82.92,0.0,0.529,8905.61,0.4
245,10,10,110.05,1.0,0.43,12545.7,0.4
246,21,7,82.99,1.0,0.472,6239.19,0.3674
247,13,9,71.69,0.0,0.622,7239.26,0.4
248,24,8,88.37,1.0,0.408,7465.5,0.3092
249,4,11,76.72,2.0,0.494,9924.5,0.4
250,23,13,115.92,1.0,0.652,16003.92,0.4
251,27,3,28.45,1.0,0.365,885.93,0.2424
252,26,5,35.71,2.0,0.277,1864.06,0.2422
253,15,1,34.34,1.0,0.516,381.17,0.2589
254,12,6,44.77,1.0,0.36,3030.03,0.3172
255,18,5,50.08,2.0,0.336,2734.37,0.2304
256,22,1,37.59,1.0,0.338,401.46,0.1782
257,25,3,25.64,0.0,0.378,807.66,0.3632
258,34,3,30.18,1.0,0.29,901.78,0.2511
259,27,5,34.2,1.0,0.301,1774.98,0.2712
260,19,4,42.31,0.0,0.514,1837.95,0.3339
261,20,2,15.61,1.0,0.446,337.18,0.2416
262,21,4,22.5,0.0,0.451,966.6,0.3004
263,23,1,38.73,1.0,0.235,411.31,0.2589
264,15,2,36.6,1.0,0.289,812.52,0.2619
265,24,5,36.41,1.0,0.306,1922.45,0.3046
266,12,1,38.49,1.0,0.167,434.17,0.2157
267,25,7,35.17,0.0,0.364,2584.99,0.4
268,15,2,31.14,0.0,0.391,691.31,0.3587
269,23,3,32.67,0.0,0.459,1040.87,0.3117
270,19,8,37.39,0.0,0.342,3248.44,0.4
271,21,1,42.35,0.0,0.549,454.84,0.3104
272,17,5,35.54,1.0,0.424,1951.15,0.2906
273,15,5,32.32,1.0,0.294,1793.76,0.3327
274,37,2,35.19,2.0,0.373,688.32,0.1796
275,12,4,33.5,1.0,0.487,1511.52,0.3837
276,25,4,36.56,1.0,0.41,1535.52,0.2711
277,22,5,26.95,1.0,0.499,1439.13,0.3025
278,4,3,45.38,1.0,0.29,1601.01,0.2869
279,27,4,33.09,1.0,0.345,1373.9,0.2483
280,33,3,44.74,2.0,0.47,1344.88,0.1811
281,24,3,27.77,1.0,0.274,879.75,0.2976
282,17,4,37.27,1.0,0.433,1636.9,0.2818
283,27,1,36.01,2.0,0.29,373.78,0.1457
284,25,4,37.81,1.0,0.437,1588.02,0.3133
285,24,3,40.38,2.0,0.368,1279.24,0.1828
286,29,3,17.62,1.0,0.332,542.34,0.2493
287,23,4,40.68,1.0,0.426,1728.09,0.2762
288,26,4,27.52,1.0,0.332,1149.24,0.3022
289,23,6,33.21,1.0,0.378,2116.14,0.3149
290,27,1,26.57,0.0,0.466,275.8,0.3173
291,20,3,35.56,1.0,0.297,1152.14,0.2772
292,28,4,36.52,1.0,0.137,1507.55,0.2943
293,15,1,39.09,2.0,0.368,433.9,0.2186
294,33,5,48.12,1.0,0.387,2410.81,0.2359
295,19,2,52.37,1.0,0.391,1137.48,0.2685
296,21,6,30.02,1.0,0.313,1934.49,0.2884
297,16,3,31.57,0.0,0.253,1045.6,0.3255
298,8,5,35.66,0.0,0.352,2054.02,0.3614
299,23,6,20.0,1.0,0.366,1274.4,0.3441
300,22,2,32.45,0.0,0.477,693.13,0.2966
301,36,3,29.33,0.0,0.218,865.82,0.2405
302,23,4,22.35,1.0,0.337,949.43,0.2884
303,33,5,32.85,0.0,0.186,1645.79,0.3124
304,19,2,33.95,1.0,0.36,737.39,0.2325
305,22,4,26.28,2.0,0.371,1122.68,0.2366
306,26,4,42.63,1.0,0.325,1780.23,0.2888
307,11,4,34.73,1.0,0.368,1575.35,0.2515
308,16,4,36.28,0.0,0.494,1602.12,0.322
309,28,4,29.83,2.0,0.273,1231.38,0.2516
310,29,2,46.14,1.0,0.406,946.79,0.2398
311,19,5,41.35,0.0,0.497,2245.31,0.3121
312,29,5,26.27,1.0,0.28,1347.65,0.2856
313,18,5,45.48,2.0,0.329,2483.21,0.2577
314,7,2,42.72,2.0,0.269,989.4,0.2082
315,20,4,28.52,1.0,0.337,1232.06,0.2896
316,25,4,31.51,1.0,0.372,1323.42,0.2689
317,18,6,39.49,1.0,0.443,2587.38,0.324
318,30,4,34.14,1.0,0.239,1392.91,0.2362
319,11,4,48.86,2.0,0.437,2216.29,0.273
320,6,3,28.7,0.0,0.365,1002.2,0.3338
321,5,5,26.42,1.0,0.567,1545.57,0.3124
322,1,3,43.81,2.0,0.269,1569.27,0.2729
323,17,3,56.15,0.0,0.403,1849.58,0.34
324,29,4,37.46,1.0,0.404,1537.36,0.2617
325,25,3,38.02,1.0,0.481,1197.63,0.2585
326,6,5,27.75,0.0,0.326,1615.05,0.4
327,3,8,43.45,1.0,0.375,4108.63,0.4
328,25,4,39.44,1.0,0.362,1656.48,0.2755
329,19,5,39.75,0.0,0.439,2158.43,0.3678
330,20,3,43.99,1.0,0.31,1425.28,0.2822
331,13,1,29.99,1.0,0.466,336.49,0.2594
332,26,4,29.87,1.0,0.452,1247.37,0.3006
333,30,5,37.81,1.0,0.378,1928.31,0.2635
334,19,2,29.6,1.0,0.309,642.91,0.2428
335,5,4,35.01,0.0,0.439,1638.47,0.3981
336,8,2,28.85,0.0,0.455,664.7,0.3182
337,18,1,40.08,0.0,0.385,437.67,0.2923
338,31,2,10.84,1.0,0.542,219.84,0.2652
339,22,3,41.46,0.0,0.423,1328.38,0.3312
340,29,8,38.14,0.0,0.378,3130.53,0.3489
341,15,3,30.81,1.0,0.306,1025.97,0.3136
342,21,3,32.38,1.0,0.454,1043.28,0.242
343,15,3,24.23,0.0,0.337,806.86,0.3562
344,23,4,41.81,1.0,0.415,1776.09,0.2809
345,23,3,15.49,1.0,0.508,493.51,0.2918
346,28,5,35.71,1.0,0.324,1842.64,0.2845
347,25,5,33.88,1.0,0.38,1778.7,0.318
348,9,1,30.6,0.0,0.334,350.68,0.2976
349,17,6,37.61,1.0,0.436,2477.75,0.3018
350,29,3,40.36,0.0,0.24,1242.28,0.3265
351,24,2,28.04,1.0,0.273,592.2,0.2913
352,13,4,32.37,1.0,0.331,1452.77,0.2991
353,21,2,40.93,0.0,0.359,879.18,0.2682
354,1,3,54.3,1.0,0.378,1945.03,0.3001
355,21,4,25.55,1.0,0.444,1097.63,0.3095
356,24,4,40.38,1.0,0.348,1705.65,0.2648
357,21,6,25.09,0.0,0.395,1616.8,0.3795
358,22,4,33.21,2.0,0.236,1418.73,0.2111
359,20,1,33.59,2.0,0.382,362.77,0.1869
360,10,3,32.0,1.0,0.495,1094.4,0.3067
361,12,4,38.99,1.0,0.522,1759.23,0.2755
362,14,2,33.13,1.0,0.469,739.46,0.2597
363,18,4,28.32,2.0,0.235,1237.02,0.2495
364,37,4,33.48,1.0,0.364,1309.74,0.2972
365,3,6,23.61,1.0,0.341,1674.42,0.3817
366,8,4,51.19,0.0,0.397,2358.84,0.3441
367,24,4,29.87,1.0,0.542,1261.71,0.2763
368,26,2,27.35,1.0,0.514,571.07,0.2487
369,18,3,25.0,1.0,0.459,819.0,0.2604
370,17,4,31.51,1.0,0.569,1383.92,0.2886
371,18,3,40.95,1.0,0.322,1341.52,0.3136
372,32,3,20.07,1.0,0.318,606.92,0.2697
373,5,5,25.31,1.0,0.381,1480.63,0.3114
374,17,5,35.85,1.0,0.558,1968.17,0.2691
375,33,4,27.81,0.0,0.363,1114.62,0.3416
376,19,6,23.39,1.0,0.267,1524.09,0.3429
377,28,3,14.17,1.0,0.419,438.7,0.2661
378,30,2,40.44,2.0,0.22,824.98,0.1896
379,16,3,37.78,1.0,0.319,1251.27,0.279
380,12,2,40.43,0.0,0.44,912.1,0.3299
381,7,2,44.55,0.0,0.338,1031.78,0.3399
382,27,3,30.22,2.0,0.537,941.05,0.2354
383,21,2,28.36,1.0,0.418,609.17,0.29
384,26,1,43.42,0.0,0.345,453.3,0.2755
385,36,8,39.85,1.0,0.428,3136.99,0.3646
386,18,6,36.84,1.0,0.44,2413.76,0.3466
387,27,3,30.53,0.0,0.42,950.7,0.3294
388,24,6,34.96,1.0,0.282,2215.07,0.3104
389,26,5,32.65,1.0,0.243,1704.33,0.2873
390,28,4,39.01,1.0,0.381,1610.33,0.2542
391,26,4,38.94,0.0,0.186,1626.13,0.3609
392,17,2,40.55,1.0,0.475,890.48,0.2745
393,26,1,44.7,1.0,0.347,466.67,0.2223
394,6,4,26.77,0.0,0.243,1246.41,0.4
395,15,6,30.71,0.0,0.28,2045.29,0.4
396,19,3,36.28,1.0,0.481,1182.0,0.3155
397,18,2,31.69,1.0,0.293,692.11,0.2253
398,23,3,35.26,0.0,0.359,1123.38,0.2863
399,28,5,20.23,0.0,0.245,1043.87,0.3245
400,20,1,27.63,0.0,0.399,298.4,0.2821
401,15,4,30.63,1.0,0.531,1359.97,0.3402
402,10,5,41.49,0.0,0.454,2364.93,0.4
403,12,2,43.14,1.0,0.43,973.24,0.2762
404,24,2,43.38,2.0,0.359,916.19,0.1907
405,8,4,39.58,1.0,0.481,1823.85,0.304
406,25,2,34.81,1.0,0.4,731.01,0.2289
407,19,5,31.51,0.0,0.537,1710.99,0.4
408,10,5,30.98,1.0,0.406,1765.86,0.323
409,14,2,27.67,0.0,0.374,617.59,0.2905
410,26,6,30.36,1.0,0.425,1901.75,0.3322
411,21,5,38.86,0.0,0.458,2086.78,0.3846
412,14,4,40.47,1.0,0.477,1806.58,0.3729
413,14,1,37.43,1.0,0.359,417.72,0.2856
414,10,5,30.15,2.0,0.559,1718.55,0.257
415,16,5,31.9,1.0,0.382,1760.88,0.2604
416,20,2,31.06,2.0,0.267,670.9,0.2244
417,18,3,41.32,1.0,0.431,1353.64,0.303
418,18,3,26.32,0.0,0.645,862.24,0.3613
419,10,2,38.85,1.0,0.429,885.78,0.2624
420,19,4,35.69,0.0,0.359,1550.37,0.3165
421,22,8,37.94,1.0,0.463,3241.59,0.3805
422,24,4,51.45,0.0,0.423,2173.25,0.3042
423,25,2,31.66,1.0,0.468,664.86,0.2676
424,11,4,29.32,0.0,0.36,1329.96,0.3487
425,40,4,23.98,0.0,0.472,920.83,0.3627
426,8,1,49.97,1.0,0.302,575.65,0.27
427,1,4,37.62,1.0,0.289,1796.73,0.3306
428,13,4,27.84,1.0,0.29,1249.46,0.3235
429,27,3,35.31,0.0,0.353,1099.55,0.3045
430,41,2,46.71,1.0,0.405,891.23,0.2608
431,23,4,34.58,2.0,0.479,1468.96,0.2152
432,10,3,28.6,1.0,0.491,978.12,0.2763
433,20,4,41.79,0.0,0.325,1805.33,0.3463
434,30,3,19.99,1.0,0.323,611.69,0.2143
435,16,3,30.16,0.0,0.461,998.9,0.3662
436,26,2,33.39,1.0,0.434,697.18,0.2581
437,15,4,38.66,2.0,0.443,1716.5,0.2737
438,21,6,38.28,0.0,0.506,2466.76,0.3989
439,17,3,37.37,1.0,0.398,1230.97,0.2853
440,34,5,36.53,1.0,0.287,1819.19,0.2939
441,35,3,28.22,0.0,0.282,838.13,0.2665
442,18,1,35.12,1.0,0.298,383.51,0.2796
443,25,5,29.74,1.0,0.282,1561.35,0.3267
444,22,4,25.6,0.0,0.434,1093.63,0.3075
445,24,1,41.79,0.0,0.43,441.3,0.2908
446,15,4,37.08,0.0,0.289,1646.35,0.2911
447,23,1,35.76,1.0,0.441,379.77,0.2149
448,18,5,37.68,1.0,0.422,2057.33,0.2679
449,27,4,26.87,1.0,0.376,1115.64,0.272
450,23,6,43.65,0.0,0.436,2781.38,0.4
451,24,5,51.1,1.0,0.402,2698.08,0.3334
452,22,4,32.19,2.0,0.306,1375.16,0.282
453,24,1,37.94,0.0,0.436,400.65,0.2986
454,16,4,50.63,0.0,0.285,2235.82,0.3924
455,36,4,43.09,2.0,0.313,1696.02,0.1934
456,30,6,39.5,0.0,0.559,2417.4,0.3441
457,18,4,47.43,1.0,0.417,2071.74,0.3079
458,21,4,14.76,1.0,0.402,634.09,0.2535
459,24,3,49.04,2.0,0.338,1553.59,0.2075
460,20,3,36.56,0.0,0.278,1184.54,0.3387
461,26,2,42.16,0.0,0.403,880.3,0.3126
462,20,4,30.87,1.0,0.361,1333.58,0.2676
463,19,1,31.07,1.0,0.357,337.42,0.2248
464,20,4,42.0,0.0,0.272,1814.4,0.3087
465,17,3,28.84,0.0,0.339,949.99,0.3314
466,25,3,31.7,0.0,0.377,998.55,0.2845
467,25,1,32.12,1.0,0.397,337.26,0.3008
468,23,2,34.24,0.0,0.373,727.26,0.269
469,28,3,34.07,0.0,0.536,1054.81,0.2944
470,35,5,38.86,1.0,0.415,1923.57,0.2222
471,18,5,34.61,0.0,0.375,1889.71,0.4
472,30,3,42.61,1.0,0.227,1303.87,0.2223
473,33,3,33.05,1.0,0.551,993.48,0.2928
474,38,3,37.36,0.0,0.513,1089.42,0.249
475,22,2,30.29,0.0,0.325,646.99,0.2798
476,16,5,26.16,1.0,0.49,1444.03,0.3026
477,15,3,44.44,1.0,0.332,1479.85,0.2945
478,12,5,38.27,1.0,0.305,2158.43,0.2994
479,25,5,29.9,1.0,0.192,1569.75,0.2825
480,20,2,27.51,0.0,0.406,594.22,0.2944
481,3,1,30.15,1.0,0.133,356.37,0.249
482,16,6,31.92,1.0,0.393,2114.38,0.2741
483,27,4,39.07,3.0,0.192,1622.19,0.2277
484,18,4,34.64,1.0,0.329,1513.08,0.3039
485,8,5,31.67,0.0,0.339,1824.19,0.4
486,16,4,29.15,1.0,0.442,1287.26,0.3535
487,19,5,35.78,2.0,0.315,1942.85,0.2844
488,19,3,35.73,1.0,0.37,1164.08,0.2784
489,33,5,41.95,1.0,0.3,2101.69,0.3127
490,28,6,30.17,1.0,0.232,1868.13,0.3022
491,28,3,40.12,1.0,0.409,1242.12,0.2196
492,21,1,33.5,0.0,0.489,359.79,0.3013
493,24,6,27.41,2.0,0.464,1736.7,0.2649
494,30,2,28.4,0.0,0.332,579.36,0.2483
495,30,3,37.82,0.0,0.216,1157.29,0.3081
496,5,3,24.05,2.0,0.462,844.15,0.2532
497,31,2,39.35,1.0,0.404,798.02,0.2662
498,26,4,21.76,0.0,0.369,908.7,0.3308
499,11,7,47.13,1.0,0.386,3741.18,0.3616
500,13,4,37.06,0.0,0.41,1663.25,0.3493
501,26,3,50.04,4.0,0.265,1567.25,0.0679
502,62,1,67.99,2.0,0.213,562.96,0.1358
503,35,2,48.0,3.0,0.098,950.4,0.035
504,48,6,69.4,2.0,0.187,3797.57,0.2586
505,26,4,57.29,2.0,0.179,2392.43,0.229
506,17,3,60.44,1.0,0.225,1990.89,0.2894
507,49,5,43.45,2.0,0.269,1968.29,0.2067
508,46,5,63.58,0.0,0.313,2937.4,0.2979
509,61,7,38.54,2.0,0.197,2249.97,0.1945
510,81,3,48.33,2.0,0.124,1035.23,0.0861
511,59,4,53.88,2.0,0.099,1823.3,0.1716
512,81,5,57.7,3.0,0.118,2059.89,0.1391
513,58,8,46.2,4.0,0.282,3148.99,0.1606
514,58,4,69.41,2.0,0.063,2365.49,0.1305
515,52,5,54.32,3.0,0.064,2411.81,0.1503
516,27,6,53.87,2.0,0.151,3355.02,0.3044
517,70,6,53.45,3.0,0.163,2501.46,0.1557
518,79,7,46.24,2.0,0.117,2349.92,0.1992
519,61,1,41.06,2.0,0.196,342.44,0.0617
520,60,5,52.67,1.0,0.304,2212.14,0.2797
521,47,3,60.89,2.0,0.209,1676.91,0.1882
522,26,7,55.87,2.0,0.213,4082.98,0.2869
523,29,7,55.5,2.0,0.296,3986.01,0.2514
524,62,4,65.16,0.0,0.212,2158.1,0.2379
525,61,5,46.51,2.0,0.211,1939.47,0.1511
526,67,4,20.12,2.0,0.137,642.23,0.0971
527,36,5,70.94,2.0,0.171,3490.25,0.2417
528,48,3,41.15,1.0,0.189,1125.86,0.2187
529,53,4,43.65,3.0,0.115,1539.97,0.1473
530,39,3,37.4,2.0,0.298,1083.85,0.1975
531,69,6,41.76,2.0,0.158,1969.4,0.2219
532,37,6,65.72,4.0,0.187,3856.45,0.1674
533,89,3,36.58,1.0,0.277,730.87,0.0755
534,49,5,57.22,2.0,0.238,2592.07,0.2404
535,40,3,45.73,3.0,0.292,1317.02,0.1435
536,72,2,75.01,3.0,0.279,1152.15,0.0995
537,30,3,46.18,3.0,0.136,1413.11,0.1727
538,75,6,58.41,1.0,0.152,2628.45,0.2575
539,66,4,49.99,0.0,0.134,1607.68,0.3053
540,35,5,67.09,1.0,0.235,3320.96,0.3081
541,55,10,34.98,3.0,0.206,3043.26,0.2632
542,61,3,57.75,1.0,0.268,1444.91,0.1969
543,64,7,59.41,2.0,0.15,3393.5,0.1906
544,72,7,52.14,2.0,0.148,2803.05,0.2312
545,64,8,44.46,2.0,0.239,2902.35,0.2514
546,51,3,65.58,3.0,0.147,1758.86,0.1487
547,72,5,55.96,3.0,0.151,2148.86,0.1069
548,22,6,36.26,3.0,0.194,2323.54,0.2196
549,45,4,72.02,0.0,0.322,2679.14,0.3001
550,36,2,75.12,1.0,0.128,1478.36,0.2521
551,60,3,57.6,1.0,0.308,1451.52,0.2218
552,62,5,76.13,2.0,0.125,3151.78,0.1895
553,86,2,50.66,2.0,0.216,693.03,0.0385
554,71,9,57.35,1.0,0.096,3995.0,0.2957
555,71,5,54.97,2.0,0.133,2127.34,0.183
556,68,1,74.08,3.0,0.332,586.71,-0.0063
557,34,4,61.03,4.0,0.276,2431.44,0.1047
558,39,7,43.42,3.0,0.197,2936.06,0.2597
559,65,4,48.77,2.0,0.254,1580.15,0.1523
560,46,4,55.94,0.0,0.257,2067.54,0.2586
561,37,1,33.47,1.0,0.163,327.34,0.2546
562,47,5,59.81,2.0,0.214,2745.28,0.1701
563,76,8,34.81,1.0,0.198,2071.89,0.2291
564,62,3,80.98,3.0,0.237,2011.54,0.1168
565,71,3,45.21,2.0,0.289,1049.78,0.1222
566,31,3,54.11,2.0,0.378,1646.03,0.1564
567,62,7,82.26,2.0,0.259,4767.79,0.2331
568,57,4,60.23,0.0,0.275,2067.09,0.2698
569,51,9,46.9,2.0,0.379,3773.57,0.253
570,46,4,65.09,2.0,0.117,2405.73,0.172
571,45,4,60.11,2.0,0.078,2236.09,0.2219
572,58,7,60.33,3.0,0.257,3598.08,0.2144
573,62,4,82.27,3.0,0.266,2724.78,0.0677
574,35,5,56.75,2.0,0.231,2809.12,0.2777
575,65,2,53.66,1.0,0.189,869.29,0.1476
576,47,2,53.47,2.0,0.0,981.71,0.2076
577,71,4,55.23,1.0,0.356,1709.92,0.2449
578,57,7,57.1,1.0,0.187,3429.43,0.28
579,48,4,53.9,2.0,0.224,1966.27,0.1522
580,44,2,66.73,0.0,0.312,1249.19,0.2936
581,50,1,50.66,2.0,0.139,455.94,0.1045
582,77,6,43.91,1.0,0.194,1944.33,0.2096
583,62,3,61.14,4.0,0.285,1518.72,0.0346
584,52,4,69.17,2.0,0.224,2456.92,0.1775
585,47,2,58.88,2.0,0.26,1081.04,0.13
586,73,3,75.54,1.0,0.255,1726.84,0.1783
587,43,5,70.35,0.0,0.26,3313.49,0.2392
588,40,8,48.02,1.0,0.204,3687.94,0.392
589,27,2,72.97,4.0,0.212,1514.86,0.0488
590,86,8,63.15,1.0,0.216,3455.57,0.2332
591,59,7,65.55,1.0,0.33,3881.87,0.2814
592,65,7,41.66,2.0,0.177,2362.12,0.163
593,60,10,32.92,2.0,0.271,2765.28,0.2837
594,53,2,57.79,1.0,0.045,1019.42,0.2198
595,69,5,57.75,3.0,0.238,2269.57,0.1391
596,50,7,58.85,2.0,0.118,3707.55,0.2486
597,42,3,45.22,1.0,0.39,1286.06,0.2659
598,83,2,55.86,1.0,0.164,784.27,0.0965
599,73,4,67.82,3.0,0.404,2067.15,0.0396
600,73,7,43.32,3.0,0.247,2310.69,0.1372
601,42,3,79.6,2.0,0.283,2263.82,0.1523
602,43,7,38.81,2.0,0.223,2559.13,0.2573
603,52,5,63.31,3.0,0.141,2810.96,0.1375
604,72,6,38.53,2.0,0.062,1775.46,0.1774
605,83,3,44.99,3.0,0.097,947.49,0.025
606,63,3,52.17,3.0,0.254,1286.51,0.092
607,49,5,53.52,2.0,0.18,2424.46,0.1965
608,40,4,45.27,1.0,0.241,1738.37,0.2564
609,66,4,59.9,3.0,0.256,1926.38,0.0732
610,57,5,55.09,0.0,0.233,2363.36,0.3524
611,49,3,59.48,2.0,0.315,1616.67,0.1243
612,65,6,53.29,2.0,0.302,2589.89,0.2162
613,37,6,54.22,2.0,0.226,3181.63,0.2415
614,72,4,41.57,2.0,0.234,1277.03,0.1729
615,64,3,84.82,2.0,0.322,2076.39,0.1274
616,63,6,69.62,3.0,0.29,3433.66,0.1345
617,46,5,66.2,2.0,0.305,3058.44,0.2516
618,41,3,53.32,2.0,0.178,1526.02,0.2186
619,61,5,37.77,1.0,0.242,1575.01,0.164
620,70,4,93.92,4.0,0.205,2930.3,0.0368
621,69,8,35.34,1.0,0.17,2222.18,0.2895
622,62,7,40.6,0.0,0.289,2353.18,0.2912
623,24,5,64.52,2.0,0.183,3406.66,0.2472
624,49,2,46.42,3.0,0.246,841.13,0.097
625,40,4,28.88,2.0,0.334,1108.99,0.1558
626,46,5,70.03,2.0,0.165,3235.39,0.1489
627,56,9,58.33,2.0,0.246,4535.74,0.2677
628,42,6,57.71,2.0,0.142,3282.54,0.2751
629,64,3,67.02,2.0,0.157,1640.65,0.1092
630,28,5,33.03,1.0,0.054,1704.35,0.2914
631,52,4,42.49,1.0,0.257,1509.24,0.2095
632,59,3,57.17,3.0,0.267,1450.97,0.0796
633,58,4,55.09,2.0,0.207,1877.47,0.1704
634,40,2,38.34,1.0,0.123,736.13,0.2148
635,41,6,55.42,1.0,0.272,3172.24,0.3123
636,40,5,44.72,2.0,0.119,2146.56,0.1662
637,49,4,50.23,1.0,0.188,1820.34,0.2401
638,54,5,46.96,3.0,0.126,2056.85,0.1566
639,72,5,52.57,2.0,0.303,2018.69,0.1133
640,40,4,69.85,2.0,0.143,2682.24,0.1907
641,45,3,66.75,1.0,0.349,1862.32,0.2448
642,71,4,53.2,1.0,0.178,1647.07,0.2028
643,74,2,50.61,2.0,0.108,765.22,0.1097
644,44,4,49.58,1.0,0.219,1856.28,0.2355
645,49,3,58.83,3.0,0.231,1599.0,0.1419
646,34,5,41.83,1.0,0.161,2083.13,0.3178
647,69,5,36.61,2.0,0.244,1438.77,0.1673
648,27,3,54.23,3.0,0.044,1688.72,0.1511
649,57,6,63.31,3.0,0.156,3259.2,0.0988
650,49,7,71.72,3.0,0.254,4548.48,0.2034
651,46,4,75.03,1.0,0.349,2773.11,0.2283
652,74,2,62.03,2.0,0.107,937.89,0.0986
653,70,3,37.01,2.0,0.213,866.03,0.1364
654,69,4,77.27,2.0,0.192,2429.37,0.0937
655,51,4,66.52,2.0,0.126,2378.76,0.1832
656,65,8,65.65,3.0,0.225,4254.12,0.1916
657,73,2,50.81,1.0,0.25,774.34,0.1809
658,46,1,50.05,3.0,0.263,462.46,0.0908
659,50,2,61.18,1.0,0.395,1101.24,0.2071
660,46,3,53.88,2.0,0.309,1493.55,0.1736
661,44,8,55.59,3.0,0.171,4162.58,0.2329
662,59,1,79.18,3.0,0.188,669.86,0.0189
663,60,5,59.27,2.0,0.26,2489.34,0.2234
664,63,2,71.35,3.0,0.472,1172.99,0.0303
665,58,1,61.64,2.0,0.374,525.17,0.0808
666,29,4,31.29,3.0,0.055,1284.14,0.1729
667,23,4,74.72,2.0,0.151,3174.11,0.2331
668,55,5,38.6,3.0,0.004,1679.1,0.1211
669,47,6,55.27,1.0,0.141,3044.27,0.282
670,53,3,49.23,3.0,0.179,1302.63,0.1014
671,87,2,32.78,3.0,0.166,444.5,0.0065
672,43,4,74.18,3.0,0.289,2795.1,0.1015
673,37,1,45.29,3.0,0.261,442.94,0.0894
674,54,3,57.46,3.0,0.091,1510.05,0.111
675,68,4,63.41,4.0,0.212,2008.83,0.0558
676,43,5,60.52,2.0,0.138,2850.49,0.2202
677,76,5,66.54,2.0,0.28,2475.29,0.1564
678,40,5,43.1,2.0,0.235,2068.8,0.2289
679,37,7,61.86,2.0,0.097,4234.94,0.2617
680,48,5,50.64,0.0,0.189,2309.18,0.2948
681,64,3,75.14,1.0,0.325,1839.43,0.1753
682,67,5,68.67,2.0,0.132,2739.93,0.2086
683,53,5,69.82,1.0,0.268,3079.06,0.2263
684,53,5,37.0,1.0,0.328,1631.7,0.2706
685,54,5,51.47,3.0,0.204,2254.39,0.149
686,72,3,73.71,1.0,0.35,1698.28,0.1548
687,51,1,49.54,1.0,0.171,442.89,0.1639
688,69,5,58.69,1.0,0.15,2306.52,0.266
689,43,8,52.08,2.0,0.306,3924.75,0.3122
690,53,4,54.33,2.0,0.291,1916.76,0.1741
691,64,8,59.58,2.0,0.098,3889.38,0.1531
692,60,4,48.82,2.0,0.215,1640.35,0.1938
693,56,3,66.88,2.0,0.262,1733.53,0.1337
694,45,5,55.15,2.0,0.199,2564.48,0.1549
695,48,6,51.43,2.0,0.299,2814.25,0.2026
696,31,4,49.19,1.0,0.206,1995.15,0.2827
697,54,5,76.76,2.0,0.242,3362.09,0.1767
698,42,3,49.25,2.0,0.408,1400.67,0.1545
699,48,4,59.75,2.0,0.323,2179.68,0.1112
700,19,4,68.17,1.0,0.0,2961.3,0.3091
701,58,2,43.17,1.0,0.229,735.62,0.1552
702,62,1,44.72,1.0,0.199,370.28,0.1299
703,66,1,55.55,3.0,0.369,446.62,0.0235
704,59,1,26.3,3.0,0.22,222.5,0.0874
705,34,6,77.43,2.0,0.242,4627.22,0.2523
706,31,7,47.67,3.0,0.095,3383.62,0.1926
707,76,4,72.44,2.0,0.073,2155.81,0.1548
708,46,6,55.3,1.0,0.233,3065.83,0.3439
709,62,4,67.9,2.0,0.237,2248.85,0.1233
710,58,7,44.97,3.0,0.213,2682.01,0.1474
711,69,4,64.11,2.0,0.215,2015.62,0.1568
712,59,1,41.55,3.0,0.209,351.51,0.0363
713,34,2,30.74,2.0,0.172,612.34,0.143
714,53,5,80.12,1.0,0.313,3533.29,0.2732
715,43,5,49.51,2.0,0.341,2331.92,0.2322
716,62,4,37.19,2.0,0.317,1231.73,0.1102
717,39,5,43.18,1.0,0.186,2085.59,0.231
718,40,6,39.31,1.0,0.17,2264.26,0.312
719,52,4,55.53,1.0,0.26,1972.43,0.2375
720,48,7,41.47,3.0,0.232,2647.44,0.1839
721,54,4,69.64,1.0,0.159,2440.19,0.2531
722,46,6,75.39,2.0,0.275,4179.62,0.1934
723,66,5,60.68,2.0,0.087,2439.34,0.1831
724,24,4,66.29,2.0,0.376,2800.09,0.2628
725,45,5,54.43,1.0,0.145,2530.99,0.2432
726,24,5,52.01,1.0,0.252,2746.13,0.3235
727,58,4,62.1,3.0,0.245,2116.37,0.0893
728,59,7,47.84,4.0,0.178,2833.08,0.123
729,44,5,34.09,2.0,0.133,1595.41,0.2161
730,69,6,26.54,4.0,0.244,1251.63,0.0587
731,57,5,47.0,2.0,0.171,2016.3,0.1739
732,44,2,56.75,3.0,0.261,1062.36,0.1266
733,59,3,65.08,1.0,0.148,1651.73,0.1631
734,71,6,60.85,3.0,0.15,2825.87,0.1385
735,53,6,53.62,2.0,0.263,2837.57,0.2403
736,44,4,42.3,0.0,0.236,1583.71,0.3103
737,58,1,50.79,0.0,0.33,432.73,0.1714
738,73,6,44.19,1.0,0.248,2020.37,0.1987
739,56,4,33.63,0.0,0.238,1162.25,0.2512
740,46,6,69.08,2.0,0.193,3829.8,0.243
741,34,5,61.62,3.0,0.065,3068.68,0.1592
742,41,5,60.77,3.0,0.18,2898.73,0.1531
743,72,5,70.21,2.0,0.127,2696.06,0.116
744,31,6,69.26,4.0,0.287,4213.78,0.1929
745,46,2,65.2,2.0,0.229,1204.9,0.1596
746,59,7,70.54,3.0,0.288,4177.38,0.1874
747,48,6,38.27,3.0,0.124,2094.13,0.1826
748,42,6,54.59,1.0,0.254,3105.08,0.2687
749,68,5,59.75,1.0,0.173,2366.1,0.2002
750,67,8,45.34,3.0,0.046,2894.51,0.1402
751,96,1,25.75,1.0,0.071,160.68,0.0894
752,137,2,45.92,1.0,0.033,347.16,0.0477
753,105,1,38.4,1.0,0.063,218.88,0.0703
754,128,1,35.61,2.0,0.1,153.84,0.0263
755,149,3,27.51,2.0,0.078,252.54,-0.0545
756,124,2,44.51,1.0,0.11,405.93,0.0229
757,125,1,38.03,2.0,0.038,171.13,0.0284
758,74,1,43.33,2.0,0.076,327.57,0.0703
759,130,1,52.54,2.0,0.115,220.67,-0.069
760,118,1,30.95,1.0,0.058,152.27,0.0537
761,93,3,31.93,1.0,0.112,614.97,0.1069
762,141,1,53.07,1.0,0.056,187.87,-0.021
763,140,1,33.26,1.0,0.033,119.74,0.0446
764,105,2,41.89,1.0,0.08,477.55,0.1035
765,115,3,49.19,2.0,0.062,752.61,-0.0024
766,104,2,44.91,0.0,0.08,517.36,0.1367
767,113,3,43.8,2.0,0.071,685.91,0.0621
768,160,3,30.17,1.0,0.066,217.22,0.0047
769,137,1,40.61,0.0,0.138,153.51,0.0306
770,121,1,50.31,0.0,0.079,238.47,0.0748
771,108,3,32.01,2.0,0.094,530.09,0.0818
772,103,1,49.86,1.0,0.018,290.19,0.0478
773,129,2,33.89,0.0,0.101,288.74,0.0454
774,69,1,47.33,1.0,0.071,372.01,0.1737
775,135,3,27.47,1.0,0.015,321.4,0.0331
776,113,2,40.41,2.0,0.108,421.88,0.0786
777,112,1,42.21,1.0,0.139,222.87,0.0375
778,105,1,46.47,1.0,0.054,264.88,0.11
779,98,2,45.87,0.0,0.099,561.45,0.1123
780,140,1,46.23,2.0,0.114,166.43,-0.0525
781,114,1,53.24,1.0,0.039,274.72,0.062
782,100,1,27.01,1.0,0.077,162.06,0.0773
783,143,2,38.28,1.0,0.1,261.84,0.0422
784,123,1,31.06,0.0,0.107,143.5,0.0913
785,134,1,52.66,1.0,0.118,208.53,0.0008
786,104,2,43.69,1.0,0.083,503.31,0.0809
787,179,3,46.51,1.0,0.12,175.81,-0.0325
788,120,1,39.27,0.0,0.088,188.5,0.0653
789,159,2,29.3,1.0,0.038,144.16,-0.0138
790,127,2,32.88,1.0,0.025,288.03,0.057
791,132,2,40.01,1.0,0.144,326.48,0.0174
792,123,1,32.19,1.0,0.124,148.72,0.0163
793,114,1,35.19,1.0,0.02,181.58,0.0804
794,103,2,28.57,2.0,0.107,332.55,0.0455
795,95,2,29.35,1.0,0.121,369.81,0.1239
796,120,1,45.81,1.0,0.0,219.89,0.0535
797,119,3,30.14,0.0,0.091,439.44,0.1307
798,77,1,64.8,1.0,0.109,478.22,0.0965
799,67,1,37.61,1.0,0.075,300.13,0.1439
800,116,1,44.38,0.0,0.0,223.68,0.1102
801,132,1,27.44,1.0,0.069,111.96,-0.0419
802,101,2,52.85,1.0,0.11,627.86,0.0306
803,136,1,42.77,1.0,0.133,164.24,-0.0282
804,135,1,38.58,1.0,0.046,150.46,-0.0004
805,118,2,40.76,2.0,0.117,401.08,-0.0275
806,141,1,45.29,2.0,0.004,160.33,-0.0592
807,108,1,52.16,1.0,0.048,287.92,0.0563
808,137,1,50.5,2.0,0.0,190.89,-0.0699
809,105,2,16.38,3.0,0.101,186.73,-0.0155
810,149,4,47.84,2.0,0.085,585.56,-0.0222
811,108,1,33.82,0.0,0.077,186.69,0.0535
812,124,1,41.32,1.0,0.203,188.42,0.0628
813,88,2,34.53,1.0,0.026,464.08,0.127
814,102,2,48.94,2.0,0.046,575.53,0.0503
815,135,1,33.05,2.0,0.089,128.89,-0.0309
816,99,1,34.87,1.0,0.037,211.31,0.0717
817,77,1,46.04,2.0,0.064,339.78,0.0355
818,94,1,45.8,2.0,0.06,291.29,-0.0026
819,126,1,35.34,2.0,0.113,156.91,-0.0273
820,88,2,49.56,1.0,0.134,666.09,0.1528
821,161,2,45.29,2.0,0.098,211.96,-0.097
822,108,2,28.38,1.0,0.124,313.32,0.0083
823,158,3,35.86,2.0,0.08,271.1,-0.0191
824,144,1,45.29,1.0,0.083,152.17,-0.0398
825,163,3,33.34,0.0,0.065,222.04,0.047
826,126,3,47.11,2.0,0.093,627.51,-0.0337
827,115,3,39.54,2.0,0.067,604.96,-0.0009
828,116,2,34.1,1.0,0.042,343.73,0.0916
829,112,3,53.76,1.0,0.04,851.56,0.0234
830,83,1,52.41,1.0,0.096,367.92,0.0374
831,90,2,42.58,1.0,0.103,562.06,0.1591
832,114,2,41.73,3.0,0.0,430.65,-0.0175
833,117,2,34.08,1.0,0.108,339.44,0.1494
834,140,1,36.19,1.0,0.008,130.28,-0.0199
835,138,1,49.44,1.0,0.051,183.92,-0.0102
836,159,2,40.08,1.0,0.083,197.19,-0.0434
837,67,4,41.4,1.0,0.078,1321.49,0.1739
838,115,1,60.49,0.0,0.039,308.5,0.0768
839,152,2,28.87,2.0,0.109,166.29,-0.0478
840,137,4,59.67,1.0,0.145,902.21,0.0675
841,132,1,38.47,1.0,0.113,156.96,0.0381
842,68,1,50.1,1.0,0.109,396.79,0.1445
843,128,1,29.05,1.0,0.108,125.5,0.0146
844,116,1,37.25,2.0,0.067,187.74,-0.0522
845,138,1,40.28,2.0,0.079,149.84,-0.0473
846,90,1,45.49,0.0,0.088,300.23,0.143
847,121,3,43.01,2.0,0.04,611.6,0.0221
848,122,1,48.61,3.0,0.079,227.49,-0.0588
849,122,1,23.61,1.0,0.024,110.49,0.0771
850,117,1,48.0,1.0,0.049,239.04,0.038
851,145,2,42.23,1.0,0.096,278.72,0.006
852,94,2,30.34,1.0,0.061,385.92,0.1782
853,119,1,38.79,2.0,0.147,188.52,-0.0357
854,80,2,27.57,1.0,0.07,397.01,0.1279
855,137,1,37.54,1.0,0.086,141.9,-0.0011
856,130,2,43.53,1.0,0.017,365.65,0.0315
857,131,2,33.77,1.0,0.057,279.62,0.0441
858,145,1,48.17,1.0,0.075,158.96,-0.0263
859,138,2,60.48,1.0,0.101,449.97,-0.0019
860,98,1,41.24,3.0,0.073,252.39,-0.0599
861,126,1,39.17,1.0,0.112,173.91,0.0472
862,107,1,33.1,1.0,0.092,184.7,0.0178
863,109,1,44.95,2.0,0.028,245.43,-0.0536
864,116,2,41.97,1.0,0.072,423.06,0.069
865,146,1,36.68,1.0,0.043,118.84,0.0299
866,104,1,45.0,1.0,0.006,259.2,0.0491
867,145,1,32.38,2.0,0.067,106.85,-0.0853
868,123,2,61.44,2.0,0.126,567.71,-0.0212
869,94,2,40.96,1.0,0.073,521.01,0.114
870,129,2,42.62,1.0,0.059,363.12,-0.004
871,164,2,37.98,1.0,0.197,164.07,-0.0702
872,109,2,45.4,2.0,0.152,495.77,0.0372
873,93,1,42.77,2.0,0.024,274.58,0.0701
874,124,2,39.08,1.0,0.11,356.41,0.0616
875,144,1,34.6,0.0,0.113,116.26,0.0447
876,95,1,35.8,0.0,0.047,225.54,0.096
877,109,1,25.36,2.0,0.13,138.47,-0.0214
878,126,2,50.72,1.0,0.124,450.39,0.0216
879,86,2,51.62,3.0,0.032,706.16,0.039
880,109,2,26.77,0.0,0.049,292.33,0.1244
881,103,2,49.24,2.0,0.145,573.15,0.0465
882,89,3,34.55,2.0,0.143,690.31,0.0957
883,82,1,51.9,1.0,0.083,367.45,0.1288
884,137,2,38.12,1.0,0.114,288.19,0.0326
885,113,3,38.84,1.0,0.05,608.23,0.0546
886,113,3,32.75,1.0,0.054,512.87,0.0762
887,82,1,38.26,2.0,0.089,270.88,0.02
888,147,2,41.79,1.0,0.059,265.78,0.0025
889,131,1,35.15,1.0,0.09,145.52,0.0438
890,100,1,35.39,1.0,0.066,212.34,0.0931
891,93,2,24.68,1.0,0.067,316.89,0.1542
892,113,1,22.01,1.0,0.105,114.89,0.0553
893,124,3,35.14,2.0,0.015,480.72,-0.0151
894,74,1,39.58,1.0,0.082,299.22,0.0942
895,115,1,52.27,1.0,0.06,266.58,0.0877
896,88,1,30.13,1.0,0.097,202.47,0.1162
897,184,1,45.48,1.0,0.057,54.58,-0.1
898,97,3,47.58,1.0,0.134,882.13,0.0706
899,86,1,33.71,1.0,0.084,230.58,0.1025
900,84,2,42.16,2.0,0.004,586.87,0.0813
901,90,1,44.81,1.0,0.046,295.75,0.0902
902,81,3,38.15,2.0,0.059,817.17,0.0823
903,100,2,33.62,2.0,0.065,403.44,-0.0193
904,105,1,40.31,0.0,0.117,229.77,0.1073
905,115,2,48.68,1.0,0.049,496.54,0.0068
906,102,1,40.96,1.0,0.108,240.84,0.0476
907,118,3,43.08,1.0,0.056,635.86,0.055
908,98,1,46.8,1.0,0.026,286.42,0.127
909,127,1,36.02,1.0,0.148,157.77,-0.0172
910,144,3,34.34,1.0,0.039,346.15,0.0159
911,119,2,49.81,1.0,0.001,484.15,0.0514
912,127,2,37.06,1.0,0.141,324.65,0.0475
913,110,1,38.47,2.0,0.073,207.74,-0.0006
914,107,3,57.64,1.0,0.083,964.89,0.0971
915,60,2,41.21,1.0,0.052,692.33,0.1585
916,109,3,36.59,2.0,0.097,599.34,0.0037
917,116,1,20.25,2.0,0.108,102.06,0.004
918,124,1,35.65,2.0,0.038,162.56,-0.1
919,114,1,41.22,2.0,0.106,212.7,-0.0002
920,149,1,44.54,2.0,0.03,136.29,-0.1
921,101,1,46.78,1.0,0.046,277.87,0.0497
922,147,2,38.39,1.0,0.132,244.16,-0.0265
923,152,2,38.56,3.0,0.038,222.11,-0.1
924,89,2,55.2,2.0,0.129,735.26,0.0561
925,110,1,58.32,1.0,0.06,314.93,0.0898
926,95,2,38.45,2.0,0.077,484.47,0.0065
927,121,3,39.74,2.0,0.038,565.1,0.0172
928,104,2,40.28,2.0,0.124,464.03,0.0527
929,126,1,39.97,1.0,0.066,177.47,0.0068
930,95,1,33.99,1.0,0.026,214.14,0.0805
931,167,3,54.79,1.0,0.127,325.45,-0.0457
932,103,1,50.68,2.0,0.058,294.96,0.0064
933,101,2,50.12,0.0,0.096,595.43,0.1297
934,122,2,38.31,1.0,0.071,358.58,0.0751
935,130,2,28.56,1.0,0.116,239.9,0.0311
936,136,3,49.35,1.0,0.06,568.51,-0.0386
937,115,1,43.51,1.0,0.067,221.9,-0.0134
938,96,2,55.44,1.0,0.093,691.89,0.1266
939,99,2,33.34,2.0,0.086,404.08,0.051
940,100,2,58.76,1.0,0.066,705.12,0.0969
941,139,1,14.5,2.0,0.11,53.07,-0.1
942,104,3,53.03,2.0,0.073,916.36,0.0545
943,116,3,32.12,1.0,0.12,485.65,0.0767
944,154,1,39.51,1.0,0.08,109.05,-0.0824
945,107,1,46.25,2.0,0.011,258.07,0.046
946,182,2,34.23,3.0,0.027,82.15,-0.1
947,124,3,43.24,1.0,0.042,591.52,0.0517
948,94,2,34.92,0.0,0.13,444.18,0.1371
949,88,1,40.62,0.0,0.093,272.97,0.1126
950,162,2,36.4,1.0,0.076,165.98,-0.0156
951,119,1,40.53,1.0,0.066,196.98,-0.0306
952,144,2,33.04,2.0,0.083,222.03,-0.0791
953,141,2,43.55,1.0,0.098,308.33,0.0001
954,133,1,36.1,2.0,0.049,145.12,-0.0641
955,108,1,20.13,1.0,0.085,111.12,0.0524
956,116,2,49.21,1.0,0.057,496.04,0.0496
957,134,3,34.35,1.0,0.094,408.08,0.0122
958,120,1,24.08,1.0,0.065,115.58,0.0361
959,119,1,39.59,0.0,0.136,192.41,0.0413
960,115,1,45.13,1.0,0.059,230.16,0.0656
961,120,2,31.17,0.0,0.084,299.23,0.0904
962,135,1,41.85,0.0,0.156,163.21,0.0451
963,137,1,42.77,0.0,0.098,161.67,0.0353
964,120,2,28.91,1.0,0.098,277.54,0.1129
965,116,2,39.04,2.0,0.01,393.52,0.0108
966,79,1,42.68,1.0,0.069,309.86,0.1088
967,197,1,44.59,1.0,0.092,53.51,-0.1
968,109,3,50.59,1.0,0.0,828.66,0.0812
969,187,1,49.93,2.0,0.089,59.92,-0.1
970,59,2,32.67,1.0,0.03,552.78,0.164
971,120,2,29.97,2.0,0.056,287.71,-0.0502
972,117,2,41.45,2.0,0.071,412.84,0.0024
973,92,2,41.66,1.0,0.004,539.91,0.1493
974,89,1,43.23,0.0,0.02,287.91,0.0783
975,138,1,66.35,1.0,0.043,246.82,-0.023
976,126,1,45.51,1.0,0.025,202.06,-0.0359
977,64,1,37.29,1.0,0.13,304.29,0.1788
978,111,1,34.9,1.0,0.054,186.37,0.0271
979,103,1,34.28,1.0,0.094,199.51,0.0367
980,151,1,25.44,1.0,0.047,74.79,-0.0224
981,59,3,46.05,0.0,0.021,1168.75,0.2922
982,101,1,19.61,1.0,0.071,116.48,0.0895
983,85,1,44.06,2.0,0.017,304.01,0.0824
984,120,3,39.37,0.0,0.074,566.93,0.1518
985,97,1,38.41,0.0,0.147,237.37,0.099
986,132,1,51.32,1.0,0.071,209.39,-0.0208
987,139,1,45.81,1.0,0.13,167.66,-0.0032
988,136,2,24.23,1.0,0.107,186.09,0.023
989,149,2,31.3,1.0,0.084,191.56,-0.0774
990,161,2,51.04,0.0,0.13,238.87,0.0849
991,86,2,40.01,0.0,0.1,547.34,0.193
992,104,3,25.0,0.0,0.085,432.0,0.1528
993,102,2,44.78,2.0,0.075,526.61,0.0541
994,108,4,32.69,2.0,0.081,721.8,0.0227
995,154,2,47.66,2.0,0.094,263.08,-0.0858
996,144,2,46.17,0.0,0.098,310.26,0.0328
997,161,2,42.16,1.0,0.04,197.31,0.0167
998,169,2,54.31,1.0,0.048,202.03,-0.0468
999,130,1,44.84,1.0,0.04,188.33,0.0256
1000,141,2,50.37,0.0,0.099,356.62,0.0229
