customer_id,order_date,order_value
C0001,2022-02-12,63.23
C0001,2022-03-09,31.38
C0001,2022-03-10,96.72
C0001,2022-03-12,79.95
C0001,2022-04-28,104.24
C0001,2023-07-13,99.75
C0001,2023-12-21,71.22
C0002,2022-01-19,20.49
C0002,2022-06-05,32.24
C0002,2022-08-08,32.16
C0002,2022-12-13,35.15
C0002,2023-05-06,16.19
C0002,2023-05-23,28.89
C0002,2023-08-16,44.59
C0002,2023-12-21,17.92
C0003,2022-07-21,33.6
C0003,2023-01-21,59.99
C0003,2023-03-24,83.26
C0003,2023-06-20,47.19
C0004,2022-02-17,25.72
C0004,2022-08-27,52.61
C0004,2022-10-19,48.33
C0004,2023-01-21,69.38
C0004,2023-02-10,33.58
C0004,2023-07-03,64.67
C0004,2023-12-11,36.93
C0006,2022-01-04,100.05
C0006,2022-01-16,57.99
C0006,2022-01-29,159.66
C0006,2022-05-21,67.99
C0006,2022-05-28,101.09
C0006,2022-10-10,94.88
C0006,2022-11-12,95.18
C0006,2022-11-30,110.61
C0006,2023-03-06,72.92
C0006,2023-04-03,61.4
C0006,2023-05-10,203.67
C0008,2022-03-22,170.91
C0008,2022-05-01,86.02
C0008,2022-06-10,54.27
C0008,2022-09-21,101.09
C0008,2022-11-03,27.99
C0008,2022-11-07,32.84
C0008,2023-05-08,56.37
C0009,2022-01-07,29.62
C0009,2022-03-13,43.34
C0009,2022-06-10,29.81
C0009,2022-07-18,25.2
C0009,2022-09-21,28.34
C0009,2022-11-20,58.59
C0009,2022-12-16,35.7
C0009,2022-12-17,23.85
C0009,2023-05-22,18.29
C0010,2023-11-17,31.54
C0011,2023-07-22,19.08
C0012,2022-01-06,91.37
C0012,2022-02-08,79.15
C0013,2022-04-11,78.42
C0013,2022-05-14,62.55
C0013,2022-05-14,76.07
C0013,2022-09-05,50.39
C0013,2022-09-25,44.15
C0013,2022-10-02,53.74
C0013,2022-12-08,43.99
C0013,2022-12-15,62.02
C0013,2022-12-17,47.77
C0013,2023-04-24,88.13
C0013,2023-06-23,64.62
C0013,2023-07-13,114.42
C0013,2023-07-20,31.69
C0013,2023-10-19,36.19
C0013,2023-11-07,39.21
C0014,2022-03-05,67.84
C0014,2022-07-18,64.58
C0014,2022-09-15,85.26
C0014,2022-10-11,43.21
C0014,2022-12-05,76.84
C0014,2023-01-10,85.21
C0014,2023-01-31,91.17
C0014,2023-03-20,82.64
C0015,2022-02-09,95.79
C0015,2022-06-21,65.77
C0015,2023-08-23,108.71
C0016,2022-05-15,60.62
C0016,2022-05-20,37.1
C0016,2023-01-28,76.01
C0016,2023-12-22,24.09
C0017,2022-09-18,54.25
C0017,2022-12-30,97.2
C0017,2023-06-25,44.74
C0019,2022-02-26,86.19
C0019,2022-06-18,37.95
C0019,2022-09-13,68.26
C0019,2022-10-10,29.08
C0019,2023-09-23,66.64
C0020,2022-03-24,97.23
C0021,2022-01-03,90.82
C0021,2022-02-21,35.59
C0021,2022-04-18,23.67
C0021,2022-04-23,95.09
C0021,2022-05-17,27.13
C0021,2022-09-13,122.23
C0021,2022-09-18,55.87
C0021,2022-09-29,76.79
C0021,2022-11-30,86.28
C0021,2023-02-06,23.42
C0021,2023-04-25,26.39
C0021,2023-07-13,71.34
C0021,2023-08-29,36.35
C0021,2023-10-27,76.37
C0022,2023-05-05,32.42
C0023,2022-09-17,36.3
C0023,2023-06-27,47.94
C0024,2022-04-12,86.37
C0025,2022-06-25,24.27
C0025,2022-06-27,77.76
C0026,2022-03-19,75.04
C0026,2022-05-28,113.58
C0026,2022-07-30,91.1
C0026,2022-10-06,152.43
C0029,2022-01-08,41.55
C0029,2022-01-14,71.11
C0029,2022-05-30,37.57
C0029,2022-06-16,45.02
C0029,2023-12-29,101.44
C0030,2022-02-02,51.49
C0030,2022-02-19,53.02
C0030,2022-04-02,35.77
C0030,2022-07-13,22.67
C0030,2023-01-05,36.87
C0030,2023-01-09,38.41
C0030,2023-02-24,49.56
C0030,2023-06-17,40.65
C0030,2023-07-06,51.64
C0030,2023-09-20,22.99
C0030,2023-10-24,27.44
C0030,2023-10-26,19.93
C0030,2023-11-08,34.55
C0031,2022-02-17,71.92
C0031,2022-02-25,37.23
C0031,2022-04-08,23.7
C0031,2022-05-06,74.99
C0031,2022-09-08,53.87
C0031,2022-09-13,31.08
C0031,2022-10-14,73.03
C0031,2022-11-24,60.79
C0032,2023-03-19,109.37
C0032,2023-08-06,45.74
C0032,2023-09-14,59.84
C0032,2023-11-18,23.85
C0033,2023-02-25,67.47
C0033,2023-10-18,51.89
C0033,2023-10-19,29.53
C0034,2022-02-08,46.63
C0034,2022-05-08,52.91
C0034,2022-06-22,51.31
C0035,2022-04-18,63.46
C0035,2022-08-09,42.24
C0036,2022-07-24,87.73
C0036,2022-08-14,36.66
C0036,2022-09-03,44.06
C0036,2022-09-27,92.38
C0036,2023-06-08,84.62
C0036,2023-06-14,65.46
C0036,2023-06-15,75.0
C0036,2023-07-21,81.61
C0036,2023-07-22,96.73
C0036,2023-08-23,25.11
C0036,2023-12-30,78.45
C0038,2022-04-10,59.57
C0038,2022-05-26,56.1
C0038,2022-06-19,39.31
C0038,2022-07-31,47.25
C0038,2023-09-11,41.12
C0039,2022-01-02,57.52
C0039,2022-04-09,67.74
C0040,2022-02-12,14.65
C0040,2023-06-08,84.24
C0040,2023-10-04,124.73
C0041,2022-02-28,35.09
C0041,2022-03-11,19.06
C0041,2022-04-21,10.2
C0041,2022-05-17,20.0
C0042,2022-02-16,75.31
C0042,2022-07-18,168.81
C0042,2022-09-12,117.46
C0042,2022-10-09,89.45
C0042,2023-02-27,136.76
C0042,2023-06-08,38.2
C0042,2023-07-29,80.31
C0042,2023-08-01,46.58
C0042,2023-08-31,57.35
C0042,2023-09-16,54.15
C0043,2022-01-24,30.48
C0044,2022-08-02,94.63
C0044,2023-07-16,66.02
C0044,2023-11-10,84.28
C0044,2023-12-05,22.55
C0045,2022-03-01,31.68
C0045,2023-04-27,22.25
C0045,2023-05-28,23.59
C0045,2023-11-13,26.98
C0046,2022-02-15,31.56
C0046,2022-03-08,25.06
C0046,2022-05-05,22.02
C0046,2022-06-25,43.45
C0046,2022-07-05,40.92
C0046,2022-08-29,32.21
C0046,2022-09-24,44.17
C0046,2022-11-02,32.1
C0046,2022-11-13,18.37
C0046,2022-11-28,22.41
C0046,2022-12-04,35.26
C0046,2023-02-01,40.27
C0046,2023-02-06,33.33
C0046,2023-03-02,48.87
C0046,2023-04-11,11.49
C0046,2023-04-17,22.58
C0046,2023-04-24,7.5
C0046,2023-06-04,66.88
C0046,2023-07-13,21.89
C0046,2023-08-02,24.24
C0046,2023-10-12,34.05
C0046,2023-11-21,22.73
C0046,2023-12-03,46.7
C0048,2022-08-29,103.74
C0048,2022-09-17,53.13
C0048,2023-05-19,66.76
C0048,2023-05-27,96.93
C0048,2023-07-18,67.25
C0049,2022-02-28,62.43
C0049,2022-08-11,20.26
C0049,2022-08-28,36.81
C0049,2023-06-13,27.84
C0049,2023-06-23,26.88
C0050,2022-06-26,79.62
C0050,2022-07-14,53.05
C0050,2022-09-18,96.81
C0050,2022-11-30,46.27
C0050,2023-02-13,46.42
C0050,2023-02-17,45.2
C0050,2023-05-04,89.92
C0050,2023-08-24,111.88
C0050,2023-09-12,73.92
C0050,2023-09-24,32.7
C0051,2022-07-10,92.03
C0051,2023-04-05,59.89
C0051,2023-06-27,104.08
C0052,2022-01-31,31.48
C0053,2022-01-10,34.64
C0053,2022-05-30,25.25
C0053,2022-08-05,64.17
C0053,2022-08-26,52.89
C0053,2022-09-15,46.68
C0053,2022-10-02,59.49
C0053,2022-12-03,41.45
C0053,2023-06-21,51.06
C0053,2023-07-03,56.55
C0053,2023-07-12,84.35
C0053,2023-07-20,40.26
C0053,2023-07-26,83.96
C0053,2023-09-30,24.9
C0053,2023-10-18,72.49
C0054,2023-02-14,45.06
C0054,2023-05-22,65.69
C0054,2023-09-29,34.77
C0054,2023-12-23,17.63
C0055,2022-10-15,27.08
C0055,2023-02-28,34.11
C0055,2023-06-09,32.36
C0055,2023-10-17,66.34
C0056,2022-01-16,22.82
C0057,2022-01-04,17.47
C0057,2022-03-06,42.25
C0058,2023-04-21,46.61
C0058,2023-05-06,37.34
C0058,2023-07-05,76.05
C0058,2023-09-20,39.42
C0058,2023-10-08,42.72
C0059,2022-06-12,72.35
C0059,2022-07-21,69.42
C0059,2022-08-30,46.46
C0059,2022-10-18,50.14
C0059,2023-04-27,91.59
C0060,2022-01-02,88.29
C0060,2022-01-23,52.4
C0060,2022-11-08,16.56
C0060,2022-12-25,52.11
C0060,2023-03-01,43.85
C0060,2023-06-23,32.65
C0060,2023-09-11,71.18
C0060,2023-12-09,22.44
C0061,2022-09-12,49.89
C0061,2023-11-08,64.53
C0062,2023-01-20,30.62
C0062,2023-08-04,13.66
C0062,2023-09-16,27.78
C0063,2022-04-05,17.93
C0063,2022-04-18,32.71
C0063,2022-10-22,26.49
C0063,2023-03-25,17.11
C0063,2023-04-05,16.38
C0063,2023-04-20,46.71
C0063,2023-08-28,46.21
C0063,2023-12-24,42.58
C0064,2022-01-24,66.06
C0064,2022-02-12,25.39
C0064,2022-03-27,34.41
C0064,2022-03-28,39.94
C0064,2022-04-10,44.89
C0064,2022-06-28,61.24
C0064,2022-10-25,46.2
C0064,2023-02-22,33.67
C0065,2022-09-06,19.91
C0065,2023-02-24,34.79
C0065,2023-03-01,68.59
C0065,2023-03-03,44.28
C0066,2022-04-08,104.92
C0066,2022-07-07,85.68
C0066,2022-07-16,131.51
C0066,2022-08-04,68.64
C0066,2023-03-30,46.04
C0066,2023-05-03,69.1
C0067,2023-08-17,30.52
C0068,2022-01-11,61.17
C0068,2022-08-16,46.09
C0068,2022-08-31,42.4
C0068,2022-12-18,37.22
C0068,2023-01-17,70.71
C0068,2023-02-01,31.25
C0068,2023-02-21,57.69
C0068,2023-03-05,68.49
C0068,2023-04-30,51.97
C0068,2023-07-11,58.45
C0068,2023-08-25,58.78
C0068,2023-09-24,16.02
C0068,2023-10-25,47.56
C0068,2023-11-14,63.99
C0069,2022-03-03,11.73
C0069,2022-04-04,66.08
C0070,2022-01-14,38.99
C0070,2022-02-04,37.19
C0070,2022-02-15,53.05
C0070,2022-04-15,43.45
C0070,2022-04-20,22.13
C0070,2022-05-02,17.59
C0070,2022-05-29,51.17
C0070,2022-06-26,45.08
C0070,2022-06-30,81.93
C0070,2022-08-04,40.12
C0070,2022-08-29,28.4
C0070,2022-09-10,50.35
C0070,2022-09-28,52.55
C0070,2022-12-10,32.3
C0070,2022-12-15,45.21
C0070,2023-01-16,38.65
C0070,2023-01-23,49.75
C0070,2023-02-09,34.02
C0070,2023-02-27,47.19
C0070,2023-03-04,64.23
C0070,2023-03-07,17.86
C0070,2023-04-16,30.54
C0070,2023-05-16,36.12
C0070,2023-07-24,35.19
C0070,2023-07-30,32.47
C0070,2023-08-12,31.36
C0070,2023-08-20,49.43
C0070,2023-08-21,39.06
C0070,2023-09-27,27.13
C0070,2023-10-08,52.27
C0070,2023-10-14,35.58
C0070,2023-11-07,77.16
C0070,2023-11-28,15.95
C0071,2022-05-12,118.88
C0072,2022-05-20,70.26
C0072,2022-07-14,97.81
C0072,2022-10-17,17.74
C0072,2022-10-28,61.28
C0072,2022-11-06,103.07
C0072,2022-12-14,63.57
C0072,2023-03-16,42.8
C0072,2023-08-25,68.25
C0072,2023-12-12,104.0
C0073,2022-01-29,17.71
C0073,2022-07-01,29.38
C0073,2022-10-16,34.89
C0073,2023-01-01,25.91
C0073,2023-03-18,9.93
C0073,2023-04-24,19.59
C0073,2023-06-01,19.86
C0073,2023-08-05,19.5
C0073,2023-08-06,99.22
C0073,2023-08-10,41.61
C0073,2023-09-06,36.33
C0073,2023-09-20,65.38
C0073,2023-10-01,19.28
C0073,2023-11-23,20.91
C0073,2023-11-26,32.38
C0073,2023-11-27,35.89
C0074,2022-06-12,15.5
C0075,2022-01-28,78.68
C0075,2022-02-23,20.56
C0075,2022-05-11,28.01
C0075,2022-09-06,47.67
C0075,2022-12-11,43.95
C0075,2022-12-12,82.7
C0075,2023-02-09,24.72
C0075,2023-02-13,49.62
C0075,2023-02-27,54.73
C0075,2023-03-24,47.63
C0075,2023-06-22,40.52
C0075,2023-07-09,47.24
C0075,2023-07-28,34.9
C0075,2023-08-06,47.92
C0075,2023-09-06,31.41
C0075,2023-09-08,18.94
C0075,2023-11-10,31.19
C0077,2023-07-21,44.6
C0079,2022-01-11,138.06
C0079,2023-04-15,73.96
C0080,2022-07-10,78.14
C0080,2022-08-20,76.37
C0080,2022-08-24,33.58
C0080,2022-12-22,88.69
C0080,2023-03-12,46.6
C0080,2023-08-10,77.41
C0080,2023-12-18,98.32
C0081,2022-07-05,36.35
C0081,2022-07-07,123.5
C0082,2022-01-20,104.82
C0082,2022-02-10,143.62
C0082,2022-02-15,54.97
C0082,2022-03-13,98.9
C0082,2022-05-18,64.32
C0082,2022-07-31,80.42
C0082,2022-08-11,61.0
C0082,2022-10-13,57.62
C0082,2023-06-30,61.6
C0082,2023-08-02,118.84
C0082,2023-08-02,106.96
C0082,2023-08-27,41.39
C0082,2023-10-31,74.13
C0082,2023-12-02,29.28
C0082,2023-12-26,204.36
C0083,2022-09-27,67.95
C0083,2023-07-27,34.97
C0084,2022-01-24,59.32
C0084,2022-05-21,200.63
C0084,2022-06-02,34.91
C0084,2022-11-23,71.38
C0084,2023-09-22,50.9
C0084,2023-10-05,70.84
C0084,2023-11-04,25.24
C0084,2023-12-25,127.98
C0085,2022-01-18,103.69
C0085,2022-03-07,129.18
C0085,2022-03-14,61.77
C0085,2022-09-01,92.73
C0085,2022-09-03,98.7
C0085,2022-09-17,163.54
C0085,2022-10-19,79.32
C0085,2023-02-01,102.83
C0085,2023-04-16,119.21
C0085,2023-06-23,38.03
C0085,2023-08-17,131.36
C0085,2023-11-12,119.89
C0085,2023-12-15,78.35
C0089,2022-01-25,75.53
C0089,2022-02-26,63.57
C0089,2022-04-05,128.08
C0089,2022-08-06,136.51
C0089,2022-09-13,56.64
C0089,2022-11-20,155.54
C0089,2023-05-19,52.31
C0089,2023-05-25,59.08
C0089,2023-09-04,220.98
C0089,2023-10-14,136.42
C0089,2023-12-29,51.51
C0090,2022-06-17,64.69
C0091,2022-01-20,67.96
C0091,2022-01-27,67.16
C0091,2022-02-22,129.55
C0092,2022-10-13,11.08
C0092,2022-11-04,14.33
C0093,2022-02-23,46.46
C0093,2022-03-18,55.8
C0094,2023-03-30,48.55
C0094,2023-06-13,50.37
C0095,2022-01-30,35.69
C0095,2022-02-15,32.97
C0095,2022-08-13,54.49
C0095,2022-10-02,33.26
C0095,2022-10-07,77.52
C0095,2022-12-07,51.03
C0095,2023-04-30,46.06
C0095,2023-10-01,16.29
C0095,2023-10-30,24.77
C0095,2023-11-08,35.57
C0096,2022-09-29,18.31
C0096,2022-12-15,38.23
C0096,2023-02-07,73.58
C0096,2023-10-14,49.18
C0096,2023-12-02,40.63
C0097,2022-02-07,43.04
C0097,2022-02-13,30.15
C0097,2022-02-19,14.97
C0097,2022-02-21,8.73
C0097,2022-05-13,14.28
C0098,2022-07-05,82.04
C0098,2022-09-02,31.48
C0098,2023-05-05,47.8
C0098,2023-07-19,52.47
C0098,2023-08-05,93.17
C0098,2023-11-25,48.15
C0099,2022-03-02,12.34
C0099,2022-09-04,33.92
C0100,2022-01-25,11.65
C0100,2022-02-08,23.76
C0100,2022-02-24,66.3
C0100,2022-04-07,33.32
C0100,2022-05-07,29.08
C0100,2022-06-09,105.04
C0100,2022-07-11,76.23
C0100,2022-09-13,43.61
C0100,2023-03-18,30.57
C0100,2023-06-17,70.88
C0100,2023-08-26,35.34
C0100,2023-11-25,56.43
C0101,2022-02-06,35.2
C0101,2022-05-13,89.34
C0101,2022-11-04,49.47
C0101,2023-04-26,28.53
C0101,2023-05-21,33.66
C0101,2023-06-03,38.08
C0101,2023-07-05,29.43
C0101,2023-09-26,43.61
C0102,2022-05-30,31.59
C0102,2022-07-20,44.0
C0102,2023-02-18,44.05
C0102,2023-09-02,53.05
C0103,2022-07-13,66.06
C0104,2022-02-27,62.82
C0104,2022-04-13,33.5
C0105,2022-02-21,115.43
C0105,2022-08-23,72.98
C0105,2022-08-27,38.89
C0105,2022-10-05,56.03
C0105,2022-12-13,55.71
C0105,2023-04-19,27.1
C0105,2023-08-17,61.15
C0105,2023-08-20,87.9
C0106,2022-03-05,32.32
C0106,2022-07-21,198.46
C0106,2022-08-02,97.73
C0106,2022-09-29,69.93
C0106,2022-12-21,49.73
C0106,2023-01-07,126.86
C0106,2023-02-11,199.73
C0106,2023-04-08,39.46
C0106,2023-04-17,132.54
C0106,2023-04-28,144.23
C0106,2023-05-21,101.68
C0106,2023-06-09,41.32
C0106,2023-06-12,119.05
C0106,2023-07-27,81.29
C0106,2023-09-27,123.17
C0106,2023-10-03,127.73
C0106,2023-12-07,94.3
C0108,2022-01-17,33.81
C0109,2022-04-04,12.49
C0109,2022-06-20,22.74
C0109,2022-09-17,47.65
C0109,2022-10-28,27.84
C0109,2023-03-31,36.36
C0109,2023-05-21,45.65
C0109,2023-06-27,12.79
C0110,2023-04-01,24.4
C0111,2022-05-18,9.85
C0111,2022-11-21,10.38
C0111,2023-02-06,19.6
C0112,2022-01-20,6.27
C0112,2022-04-02,27.9
C0112,2022-05-26,17.28
C0112,2022-09-15,28.03
C0112,2022-10-20,9.59
C0112,2022-11-05,16.27
C0112,2022-12-12,8.28
C0112,2023-02-05,14.71
C0112,2023-04-10,13.15
C0115,2022-01-01,28.1
C0115,2022-03-03,102.63
C0115,2022-05-26,31.04
C0115,2022-11-25,15.24
C0115,2023-02-18,45.76
C0115,2023-06-28,36.59
C0115,2023-07-28,48.19
C0115,2023-07-31,17.07
C0116,2022-07-09,78.44
C0116,2022-09-04,45.94
C0116,2023-01-01,53.36
C0116,2023-08-30,103.09
C0116,2023-12-06,79.84
C0117,2022-02-23,21.43
C0117,2023-04-23,65.77
C0117,2023-05-19,54.6
C0118,2022-03-08,8.39
C0119,2022-01-04,51.04
C0119,2022-01-07,95.0
C0119,2022-02-10,68.86
C0119,2022-11-14,56.35
C0119,2023-01-14,89.08
C0119,2023-04-04,43.31
C0119,2023-12-25,34.81
C0120,2023-01-08,154.84
C0120,2023-07-04,638.91
C0121,2022-06-01,14.26
C0122,2022-05-20,100.96
C0122,2022-06-10,87.18
C0122,2022-12-12,222.82
C0122,2023-02-16,170.01
C0123,2022-01-09,93.49
C0124,2022-06-26,43.33
C0125,2022-07-14,44.79
C0126,2022-03-30,54.25
C0126,2022-07-28,57.35
C0126,2022-07-31,21.35
C0126,2022-08-13,110.91
C0126,2022-08-24,27.64
C0126,2022-11-24,18.43
C0126,2022-12-14,67.74
C0126,2023-02-14,48.38
C0126,2023-03-20,52.59
C0126,2023-05-17,44.59
C0126,2023-05-28,44.01
C0126,2023-06-04,43.1
C0126,2023-06-12,103.79
C0126,2023-06-28,37.09
C0126,2023-08-08,81.55
C0127,2022-03-12,19.44
C0127,2022-04-03,58.58
C0127,2022-05-08,38.45
C0127,2022-07-27,66.47
C0127,2022-12-28,33.1
C0127,2023-02-17,14.25
C0127,2023-04-02,30.79
C0127,2023-06-26,44.86
C0127,2023-07-05,52.83
C0127,2023-09-06,35.4
C0127,2023-11-04,53.21
C0127,2023-11-15,40.58
C0128,2022-07-20,38.49
C0128,2022-07-22,48.61
C0128,2022-08-12,35.26
C0128,2022-09-15,58.59
C0128,2022-11-26,35.85
C0128,2023-02-11,29.43
C0128,2023-05-13,13.0
C0128,2023-06-21,31.31
C0128,2023-06-24,29.76
C0128,2023-11-05,27.77
C0128,2023-12-22,38.41
C0129,2022-02-23,52.7
C0129,2022-03-04,57.11
C0129,2022-08-20,38.36
C0129,2022-09-01,33.69
C0129,2022-09-15,49.43
C0129,2022-12-08,44.87
C0129,2022-12-17,26.74
C0129,2023-02-11,83.03
C0129,2023-06-29,60.55
C0129,2023-09-02,21.55
C0129,2023-11-25,18.34
C0129,2023-12-23,65.7
C0130,2022-01-16,99.88
C0130,2022-02-18,40.57
C0130,2022-02-28,146.53
C0130,2022-04-01,67.12
C0130,2022-05-09,52.83
C0130,2022-07-04,64.8
C0130,2022-08-06,25.7
C0130,2022-10-11,50.12
C0130,2022-11-02,87.83
C0130,2023-01-04,87.72
C0130,2023-01-06,61.48
C0130,2023-01-24,116.14
C0130,2023-05-20,71.65
C0130,2023-07-02,114.73
C0130,2023-09-18,62.84
C0130,2023-10-25,84.35
C0131,2022-01-26,60.08
C0131,2022-08-03,89.64
C0131,2022-10-22,97.7
C0131,2022-10-26,121.37
C0131,2023-02-01,36.17
C0131,2023-02-06,51.28
C0131,2023-08-01,71.78
C0131,2023-08-01,81.05
C0131,2023-08-11,96.26
C0131,2023-10-02,66.74
C0132,2022-01-20,83.42
C0132,2022-02-27,123.24
C0132,2022-07-10,140.73
C0132,2023-02-27,77.66
C0132,2023-03-28,158.79
C0133,2022-10-22,36.11
C0133,2022-11-03,82.43
C0133,2022-12-17,93.58
C0133,2023-06-03,33.0
C0134,2022-01-12,129.89
C0134,2022-01-31,27.15
C0134,2022-02-01,84.34
C0134,2022-02-08,155.71
C0134,2022-04-23,131.52
C0135,2022-04-14,33.55
C0136,2022-11-08,43.06
C0137,2022-01-06,51.65
C0137,2022-06-02,21.61
C0137,2022-06-25,95.24
C0137,2022-10-04,36.77
C0137,2022-11-16,41.27
C0137,2023-03-05,24.99
C0137,2023-04-22,75.05
C0138,2022-05-07,49.86
C0138,2023-05-02,91.63
C0138,2023-07-12,33.42
C0138,2023-10-27,50.03
C0139,2022-03-08,64.28
C0139,2022-03-23,189.11
C0139,2022-04-24,162.97
C0139,2022-04-28,116.5
C0139,2022-08-23,80.77
C0139,2022-09-17,76.67
C0139,2022-10-27,41.33
C0139,2023-01-17,96.14
C0139,2023-02-03,65.25
C0139,2023-02-06,86.99
C0139,2023-03-24,64.12
C0140,2022-01-01,28.95
C0140,2022-02-26,49.41
C0140,2022-03-18,31.3
C0140,2022-08-20,52.44
C0140,2022-09-22,117.0
C0140,2022-11-29,48.15
C0140,2023-07-31,25.36
C0140,2023-12-16,35.88
C0141,2022-01-13,76.16
C0143,2022-02-05,89.85
C0144,2022-03-11,143.3
C0144,2022-10-18,88.63
C0144,2023-03-25,101.77
C0144,2023-12-18,105.16
C0145,2022-01-30,52.34
C0145,2022-08-06,52.24
C0146,2022-01-29,30.43
C0146,2022-07-29,33.64
C0146,2022-10-25,49.7
C0146,2023-02-09,65.91
C0146,2023-02-12,107.88
C0146,2023-05-09,31.82
C0146,2023-07-21,46.79
C0146,2023-11-20,71.44
C0146,2023-12-30,49.99
C0147,2022-03-03,35.41
C0148,2022-02-21,44.52
C0149,2022-08-21,67.91
C0150,2023-12-30,44.68
C0151,2022-04-04,56.0
C0151,2022-04-19,139.98
C0151,2022-10-08,86.58
C0151,2022-10-09,45.22
C0151,2022-11-11,20.48
C0151,2023-01-17,79.73
C0151,2023-02-13,28.72
C0151,2023-02-22,69.75
C0151,2023-08-14,43.44
C0151,2023-12-17,29.41
C0152,2022-01-03,66.61
C0152,2022-05-14,13.72
C0152,2022-07-01,28.8
C0152,2022-08-13,13.85
C0152,2022-11-29,12.52
C0152,2022-12-07,21.05
C0152,2022-12-17,33.81
C0152,2022-12-17,19.47
C0152,2023-02-15,36.74
C0152,2023-02-28,51.13
C0152,2023-03-15,10.95
C0152,2023-04-20,33.83
C0153,2022-01-20,30.47
C0153,2022-04-24,36.19
C0153,2022-07-18,36.33
C0153,2022-10-08,101.54
C0153,2022-11-07,24.95
C0153,2023-01-08,27.14
C0153,2023-04-09,19.2
C0153,2023-04-27,51.19
C0153,2023-04-30,37.27
C0153,2023-09-25,43.56
C0154,2022-01-24,6.35
C0154,2022-03-18,4.3
C0154,2022-03-21,10.9
C0154,2022-05-11,7.64
C0154,2022-05-14,6.99
C0154,2022-05-15,6.93
C0154,2022-06-17,4.58
C0154,2022-09-21,4.84
C0154,2023-01-06,2.58
C0154,2023-02-16,11.35
C0154,2023-03-17,5.34
C0154,2023-05-12,8.9
C0154,2023-05-20,3.18
C0154,2023-05-31,5.15
C0154,2023-08-14,4.24
C0154,2023-08-28,16.94
C0155,2022-02-10,151.24
C0155,2022-05-05,37.72
C0155,2022-10-30,90.0
C0156,2022-02-02,147.71
C0156,2022-03-05,66.92
C0156,2022-03-12,120.67
C0157,2022-01-14,38.43
C0157,2022-01-16,51.58
C0157,2022-02-04,25.18
C0157,2022-03-10,25.65
C0157,2022-03-30,14.28
C0157,2022-08-05,62.23
C0157,2022-09-17,19.88
C0157,2022-09-21,43.38
C0157,2023-02-16,64.49
C0157,2023-05-30,29.01
C0157,2023-07-08,18.71
C0157,2023-08-28,40.68
C0157,2023-12-12,31.99
C0159,2022-03-14,63.11
C0160,2022-03-17,17.95
C0160,2022-07-11,57.66
C0161,2022-02-10,42.46
C0161,2022-03-07,50.9
C0161,2022-03-15,77.05
C0161,2022-04-07,50.43
C0161,2022-04-20,24.55
C0161,2022-05-07,44.44
C0161,2022-09-19,27.41
C0161,2022-11-10,65.47
C0161,2022-12-09,37.61
C0161,2023-01-11,41.64
C0161,2023-02-05,17.06
C0161,2023-03-03,76.02
C0161,2023-04-08,48.68
C0161,2023-04-08,28.64
C0161,2023-04-24,34.25
C0161,2023-05-31,34.87
C0161,2023-07-14,17.34
C0161,2023-07-23,21.38
C0161,2023-08-28,34.7
C0161,2023-11-01,47.34
C0162,2022-03-09,21.92
C0163,2022-04-16,53.74
C0164,2022-01-23,49.22
C0165,2022-01-26,9.61
C0165,2022-06-02,16.55
C0165,2022-09-20,27.44
C0165,2022-12-04,25.72
C0165,2023-05-25,25.06
C0167,2022-02-01,75.74
C0167,2022-02-23,95.82
C0167,2022-03-30,54.96
C0167,2022-04-07,119.15
C0167,2022-04-19,125.49
C0167,2022-05-12,22.04
C0167,2022-06-03,37.38
C0167,2022-06-26,122.8
C0167,2022-06-27,141.0
C0167,2022-07-27,121.62
C0167,2022-09-09,74.69
C0167,2022-09-29,60.99
C0167,2022-10-03,128.98
C0167,2022-11-13,154.96
C0167,2022-12-18,49.96
C0167,2022-12-25,110.51
C0167,2023-01-25,90.1
C0167,2023-02-17,33.79
C0167,2023-03-01,35.37
C0167,2023-04-14,60.77
C0167,2023-06-11,71.29
C0167,2023-07-05,90.67
C0167,2023-08-17,96.6
C0167,2023-09-07,88.73
C0167,2023-09-23,154.15
C0167,2023-10-14,76.42
C0167,2023-11-04,78.77
C0167,2023-12-14,111.07
C0167,2023-12-18,71.82
C0168,2022-02-05,55.14
C0168,2022-02-12,27.45
C0169,2022-02-11,38.11
C0169,2022-04-17,90.05
C0169,2022-11-01,126.12
C0169,2023-01-09,127.69
C0169,2023-04-13,43.32
C0169,2023-05-13,62.73
C0169,2023-06-14,43.94
C0169,2023-07-12,20.46
C0169,2023-09-20,66.48
C0169,2023-12-30,51.17
C0170,2022-04-30,57.06
C0170,2022-05-04,32.29
C0170,2022-08-01,45.34
C0170,2022-08-30,70.37
C0170,2022-09-06,49.66
C0171,2022-03-06,36.79
C0171,2022-05-24,99.71
C0171,2022-06-28,76.39
C0171,2022-08-29,49.48
C0171,2023-01-22,72.26
C0171,2023-03-12,75.08
C0171,2023-09-19,120.42
C0172,2022-02-16,71.57
C0172,2022-04-01,79.91
C0172,2022-05-07,51.65
C0173,2022-03-31,20.73
C0173,2022-09-07,21.07
C0173,2023-01-16,17.34
C0173,2023-02-04,54.81
C0173,2023-03-28,32.56
C0174,2022-01-16,53.52
C0174,2022-03-24,25.15
C0174,2022-04-04,45.8
C0174,2022-04-16,62.15
C0174,2022-06-04,38.99
C0174,2022-09-29,89.53
C0174,2022-11-19,111.8
C0174,2023-01-24,53.77
C0174,2023-02-03,17.64
C0174,2023-03-17,27.53
C0174,2023-06-12,61.05
C0174,2023-10-01,54.31
C0174,2023-10-04,44.41
C0174,2023-10-30,27.85
C0174,2023-12-22,20.05
C0175,2022-01-08,144.96
C0175,2022-01-29,58.79
C0175,2022-02-23,41.82
C0175,2022-04-06,98.39
C0175,2022-09-01,73.7
C0175,2022-12-22,109.04
C0175,2023-01-25,103.93
C0176,2022-04-12,59.45
C0176,2022-06-26,56.85
C0176,2022-11-21,47.97
C0176,2023-02-20,137.7
C0176,2023-03-04,38.48
C0176,2023-05-20,31.21
C0176,2023-06-22,109.78
C0177,2022-03-13,48.7
C0177,2022-08-14,26.61
C0177,2022-08-31,21.4
C0178,2022-09-23,105.31
C0178,2023-03-15,95.68
C0178,2023-10-31,46.78
C0179,2022-03-22,72.89
C0179,2022-06-24,63.85
C0179,2022-07-13,49.44
C0180,2023-01-27,36.1
C0180,2023-05-01,38.06
C0180,2023-12-11,40.37
C0181,2022-07-15,6.37
C0181,2022-11-04,22.56
C0182,2022-04-17,15.27
C0182,2022-08-29,53.49
C0182,2022-12-01,39.48
C0182,2023-03-15,64.53
C0182,2023-03-24,44.42
C0182,2023-05-05,66.23
C0182,2023-10-15,10.67
C0183,2022-03-06,37.93
C0183,2022-04-04,43.45
C0183,2022-05-28,32.09
C0183,2022-06-18,24.44
C0184,2022-06-15,232.16
C0184,2022-08-16,123.25
C0184,2022-10-08,46.26
C0185,2022-01-14,85.39
C0185,2022-04-01,33.98
C0185,2022-05-01,95.1
C0185,2022-05-23,23.38
C0185,2022-06-13,41.08
C0185,2022-08-10,80.25
C0185,2022-08-17,88.18
C0185,2022-08-31,62.44
C0185,2023-01-18,54.07
C0185,2023-02-23,89.22
C0185,2023-05-24,24.89
C0185,2023-06-03,78.08
C0185,2023-07-05,82.1
C0186,2022-01-16,18.4
C0186,2022-03-06,43.57
C0186,2022-08-09,17.19
C0186,2022-09-21,13.19
C0186,2022-10-07,12.56
C0186,2022-12-18,51.46
C0186,2023-07-27,38.18
C0186,2023-09-08,8.19
C0186,2023-10-15,17.52
C0187,2022-03-06,66.28
C0187,2022-04-09,53.79
C0187,2022-09-26,50.81
C0187,2022-12-27,61.2
C0187,2023-03-16,47.66
C0187,2023-04-10,19.54
C0187,2023-06-18,53.75
C0187,2023-08-13,25.69
C0187,2023-10-14,41.19
C0187,2023-11-20,80.29
C0188,2022-01-18,24.97
C0188,2022-02-03,179.69
C0188,2022-11-21,144.99
C0188,2023-01-16,105.49
C0188,2023-02-23,104.09
C0188,2023-10-16,83.63
C0188,2023-11-17,77.24
C0188,2023-11-17,57.25
C0189,2022-10-12,35.45
C0190,2022-02-20,99.27
C0190,2022-04-01,97.75
C0190,2022-04-26,189.82
C0190,2022-07-16,43.92
C0190,2022-08-20,117.36
C0190,2022-08-22,88.19
C0190,2022-09-03,119.26
C0190,2022-11-11,211.92
C0190,2023-01-16,75.23
C0190,2023-04-05,165.05
C0191,2022-01-06,13.52
C0191,2022-03-07,39.8
C0191,2022-07-08,11.38
C0191,2022-07-10,21.04
C0191,2022-07-28,13.07
C0191,2022-10-10,16.05
C0191,2022-11-15,38.28
C0191,2022-12-02,29.22
C0191,2022-12-19,54.17
C0191,2023-02-21,26.61
C0191,2023-04-01,21.85
C0191,2023-06-03,16.02
C0191,2023-08-08,19.72
C0191,2023-09-13,39.28
C0191,2023-10-25,20.63
C0192,2022-02-14,7.46
C0192,2022-03-04,7.51
C0192,2022-03-31,5.59
C0192,2022-05-21,7.32
C0192,2022-08-09,15.4
C0192,2022-10-08,6.42
C0192,2023-01-20,12.5
C0192,2023-02-26,4.8
C0192,2023-10-18,7.31
C0192,2023-12-27,11.48
C0193,2022-06-04,113.93
C0193,2023-01-04,125.73
C0193,2023-01-13,73.95
C0193,2023-02-02,95.82
C0193,2023-04-03,192.77
C0193,2023-06-19,111.94
C0193,2023-12-04,113.26
C0194,2022-01-19,28.6
C0194,2022-04-15,83.11
C0194,2022-11-09,65.71
C0194,2023-01-23,43.76
C0195,2023-01-03,12.88
C0195,2023-01-03,34.3
C0195,2023-01-05,23.67
C0195,2023-01-15,7.25
C0195,2023-02-27,10.02
C0195,2023-05-16,19.09
C0195,2023-05-20,20.63
C0195,2023-10-11,7.48
C0195,2023-11-09,13.16
C0195,2023-12-10,28.29
C0195,2023-12-22,11.25
C0197,2022-04-12,33.42
C0197,2022-05-04,42.47
C0197,2022-08-14,56.17
C0197,2022-10-01,48.9
C0197,2022-10-24,47.86
C0197,2023-01-20,54.53
C0197,2023-09-27,115.95
C0197,2023-11-24,124.11
C0197,2023-12-13,48.19
C0198,2023-01-08,91.62
C0200,2022-02-04,17.08
C0200,2022-05-31,22.19
C0200,2022-09-12,29.79
C0201,2022-02-09,64.22
C0201,2022-04-26,106.17
C0201,2022-09-25,57.78
C0201,2022-10-08,28.74
C0201,2022-11-10,59.86
C0201,2023-01-12,111.42
C0202,2022-02-26,58.5
C0202,2022-04-17,82.88
C0203,2023-02-06,16.62
C0205,2022-05-09,20.06
C0205,2023-12-22,70.45
C0206,2022-04-02,100.78
C0206,2022-11-20,67.54
C0206,2023-01-13,125.95
C0206,2023-04-12,37.6
C0206,2023-04-18,52.34
C0206,2023-09-30,68.16
C0206,2023-10-18,22.93
C0206,2023-11-13,95.47
C0206,2023-12-01,43.61
C0207,2022-01-29,45.97
C0207,2022-01-30,59.59
C0207,2022-02-02,113.76
C0207,2022-02-15,109.89
C0207,2022-03-04,103.43
C0207,2022-05-20,121.8
C0207,2022-05-25,61.59
C0207,2022-07-18,155.96
C0207,2022-08-16,62.66
C0207,2022-09-06,98.83
C0207,2022-09-07,85.06
C0207,2022-09-30,70.12
C0207,2022-12-06,223.23
C0207,2022-12-26,123.16
C0207,2023-01-11,113.93
C0207,2023-03-13,89.29
C0207,2023-03-31,117.06
C0207,2023-05-07,52.67
C0207,2023-05-17,111.85
C0207,2023-06-28,89.97
C0207,2023-06-30,94.59
C0207,2023-07-20,148.02
C0207,2023-11-06,27.31
C0207,2023-12-09,46.83
C0208,2022-04-05,32.06
C0208,2022-10-22,59.66
C0208,2022-10-22,61.86
C0208,2023-06-23,14.58
C0208,2023-09-12,31.59
C0209,2022-06-13,16.57
C0209,2022-11-08,19.52
C0209,2022-11-24,19.84
C0209,2023-05-13,49.79
C0209,2023-06-23,37.87
C0209,2023-06-27,14.4
C0209,2023-12-18,37.63
C0210,2022-02-28,70.92
C0210,2022-04-12,36.1
C0210,2022-05-13,32.85
C0210,2022-11-26,42.9
C0210,2023-06-15,32.03
C0210,2023-09-09,72.55
C0210,2023-11-17,17.46
C0212,2022-02-23,28.99
C0212,2022-08-04,34.35
C0212,2023-03-26,28.96
C0212,2023-09-26,29.89
C0213,2023-05-28,40.21
C0213,2023-10-17,19.79
C0213,2023-12-10,49.14
C0214,2022-02-25,59.18
C0214,2022-04-29,26.5
C0214,2022-05-13,88.26
C0214,2022-05-14,61.88
C0214,2022-10-21,27.46
C0215,2022-02-18,83.57
C0215,2022-05-25,19.4
C0215,2022-08-12,33.29
C0216,2022-07-24,39.8
C0216,2023-01-18,31.03
C0216,2023-02-20,26.75
C0217,2022-02-20,7.25
C0217,2022-04-09,43.84
C0217,2022-08-08,18.28
C0218,2022-05-08,75.63
C0218,2022-05-16,90.57
C0218,2022-05-18,75.81
C0218,2022-07-19,96.2
C0219,2022-01-12,49.22
C0219,2022-02-08,23.53
C0219,2022-03-07,45.52
C0219,2022-03-10,52.22
C0220,2022-05-16,60.89
C0220,2023-03-06,36.97
C0220,2023-05-30,107.63
C0220,2023-09-30,42.19
C0220,2023-11-08,136.15
C0221,2022-02-01,108.12
C0221,2022-02-24,124.07
C0221,2022-04-01,43.22
C0221,2022-07-16,68.57
C0221,2022-08-02,98.64
C0221,2022-08-30,55.82
C0221,2022-09-10,61.85
C0221,2022-09-20,90.29
C0221,2022-10-07,100.36
C0221,2022-12-02,54.18
C0221,2022-12-16,26.21
C0221,2023-01-12,32.35
C0221,2023-01-13,80.36
C0221,2023-02-19,80.71
C0222,2022-01-02,90.04
C0222,2022-01-08,82.32
C0222,2022-10-30,178.15
C0224,2023-01-18,109.99
C0225,2022-01-30,72.44
C0225,2022-06-01,68.33
C0225,2022-06-01,129.06
C0225,2022-08-04,83.46
C0225,2022-12-08,49.08
C0226,2022-01-06,36.48
C0226,2022-02-22,69.93
C0226,2022-07-08,91.12
C0228,2022-03-09,58.99
C0228,2022-05-21,142.48
C0228,2022-09-06,45.87
C0228,2023-01-28,48.21
C0228,2023-04-06,43.69
C0228,2023-06-18,47.01
C0228,2023-09-19,62.54
C0228,2023-10-03,23.9
C0229,2022-09-16,12.03
C0229,2022-09-24,19.74
C0230,2022-01-03,93.26
C0230,2022-02-11,55.19
C0230,2022-03-17,64.7
C0231,2022-02-01,33.06
C0231,2022-03-21,52.41
C0231,2022-04-15,93.33
C0232,2022-09-13,44.01
C0232,2023-06-30,43.85
C0232,2023-10-12,23.59
C0233,2022-02-02,50.79
C0233,2022-02-14,178.39
C0233,2022-04-06,46.7
C0233,2022-04-27,135.98
C0233,2022-05-05,81.07
C0233,2022-05-21,72.28
C0233,2022-07-17,96.58
C0233,2022-07-29,63.24
C0233,2022-08-05,52.32
C0233,2022-08-13,90.55
C0233,2022-08-19,84.08
C0233,2022-10-26,99.33
C0233,2022-12-16,28.48
C0233,2022-12-29,171.15
C0233,2023-01-08,97.8
C0233,2023-01-26,148.14
C0233,2023-04-02,77.12
C0233,2023-04-16,77.03
C0233,2023-04-30,37.45
C0233,2023-07-08,109.36
C0233,2023-08-16,76.29
C0233,2023-08-20,133.4
C0233,2023-11-05,137.37
C0233,2023-11-28,24.1
C0234,2022-01-12,42.98
C0234,2022-05-09,41.77
C0234,2022-07-04,23.41
C0234,2022-07-18,43.49
C0234,2022-08-05,62.81
C0234,2022-09-20,81.68
C0234,2022-11-12,67.26
C0234,2023-08-29,99.15
C0234,2023-09-30,42.16
C0235,2022-01-16,38.7
C0235,2022-02-16,33.42
C0235,2022-02-26,29.13
C0235,2022-03-30,16.96
C0236,2022-05-10,54.13
C0236,2022-06-26,107.02
C0236,2022-09-24,97.02
C0236,2022-12-06,86.1
C0236,2023-02-17,54.78
C0236,2023-04-21,87.62
C0236,2023-06-11,110.92
C0238,2022-03-17,95.06
C0238,2022-08-10,115.18
C0238,2022-11-17,73.39
C0238,2022-12-18,105.91
C0238,2023-07-02,109.32
C0239,2022-01-16,62.17
C0239,2022-01-19,34.92
C0239,2022-04-02,13.72
C0239,2022-04-14,26.41
C0239,2022-04-26,54.52
C0239,2022-08-14,48.62
C0239,2022-09-07,34.1
C0239,2022-10-15,39.45
C0239,2022-11-26,42.9
C0239,2022-12-23,19.27
C0239,2023-04-29,29.75
C0239,2023-10-13,19.28
C0239,2023-12-01,46.46
C0240,2022-12-27,39.71
C0240,2023-02-15,74.23
C0240,2023-12-16,67.05
C0242,2022-08-18,62.61
C0244,2022-01-19,207.53
C0244,2022-03-24,94.58
C0244,2022-03-29,65.03
C0245,2022-03-08,117.98
C0245,2022-04-06,47.76
C0245,2022-04-07,37.73
C0245,2022-04-07,129.01
C0245,2022-07-11,215.21
C0245,2022-07-15,115.34
C0245,2022-11-27,70.53
C0245,2023-02-07,145.96
C0245,2023-02-20,60.2
C0245,2023-04-29,28.83
C0245,2023-09-11,182.0
C0245,2023-11-07,97.13
C0246,2022-01-03,109.69
C0246,2022-01-15,77.62
C0246,2022-02-04,189.41
C0246,2022-04-17,139.79
C0246,2022-06-17,93.0
C0246,2022-07-13,56.32
C0246,2022-08-03,84.22
C0246,2022-08-07,147.11
C0246,2022-08-15,145.91
C0246,2022-11-03,127.12
C0246,2022-12-30,142.07
C0246,2023-04-23,91.48
C0246,2023-06-15,102.72
C0246,2023-07-08,116.38
C0246,2023-09-15,122.51
C0246,2023-10-01,81.68
C0246,2023-11-07,70.1
C0246,2023-11-13,113.86
C0247,2022-01-19,95.25
C0247,2022-04-01,76.25
C0247,2022-04-07,72.89
C0247,2022-06-20,15.77
C0247,2022-07-05,92.64
C0247,2022-08-12,72.28
C0247,2022-08-21,127.57
C0247,2022-09-06,76.88
C0247,2022-09-27,42.97
C0247,2022-12-16,95.96
C0247,2022-12-25,72.38
C0247,2023-04-01,106.86
C0247,2023-04-22,47.95
C0247,2023-05-13,63.85
C0247,2023-05-13,49.16
C0247,2023-05-22,74.38
C0247,2023-05-22,74.12
C0247,2023-06-03,97.84
C0247,2023-06-13,24.84
C0247,2023-06-16,50.3
C0247,2023-08-01,69.94
C0247,2023-08-24,71.13
C0247,2023-08-31,70.91
C0247,2023-09-28,42.65
C0247,2023-10-27,41.87
C0247,2023-11-06,48.01
C0247,2023-12-01,42.35
C0247,2023-12-23,125.66
C0248,2022-05-12,18.95
C0248,2022-08-24,76.07
C0249,2022-03-08,3.94
C0249,2022-06-08,33.36
C0249,2022-06-09,29.81
C0249,2022-06-16,42.48
C0249,2022-08-17,17.51
C0249,2022-10-10,18.74
C0249,2022-11-23,16.2
C0249,2022-12-21,5.31
C0249,2022-12-31,25.79
C0249,2023-05-21,24.53
C0249,2023-07-14,29.93
C0250,2022-01-11,67.25
C0250,2022-02-02,80.18
C0250,2022-02-06,63.62
C0250,2022-02-11,156.37
C0250,2022-04-07,68.39
C0250,2022-07-11,136.78
C0250,2022-07-23,99.19
C0250,2022-07-26,108.56
C0250,2022-07-27,63.51
C0250,2022-09-04,78.38
C0250,2022-10-12,58.88
C0250,2023-02-06,149.6
C0250,2023-05-24,87.7
C0250,2023-09-04,91.15
C0250,2023-10-26,65.54
C0250,2023-12-08,102.04
C0251,2022-10-07,43.69
C0251,2022-12-06,13.89
C0252,2022-04-30,62.31
C0252,2022-06-18,32.31
C0252,2022-08-21,53.82
C0252,2022-12-24,44.18
C0252,2023-08-13,54.74
C0252,2023-08-26,87.96
C0252,2023-09-04,22.22
C0252,2023-10-25,90.71
C0253,2022-02-04,64.15
C0253,2022-06-06,58.85
C0253,2022-06-11,49.26
C0253,2022-08-12,72.28
C0253,2022-08-13,102.68
C0253,2022-12-10,82.66
C0253,2023-01-09,58.65
C0253,2023-02-15,100.06
C0253,2023-03-13,86.84
C0253,2023-03-17,66.85
C0253,2023-03-22,39.48
C0253,2023-04-25,86.74
C0253,2023-06-13,57.96
C0253,2023-11-06,59.6
C0253,2023-11-20,30.06
C0253,2023-12-09,44.97
C0254,2022-01-24,125.76
C0254,2022-02-27,31.26
C0256,2023-12-08,28.17
C0257,2022-03-16,65.68
C0257,2022-04-19,45.32
C0257,2022-05-06,42.7
C0257,2022-08-31,46.83
C0257,2022-10-21,55.34
C0257,2023-06-16,51.94
C0258,2023-07-02,38.38
C0259,2022-01-19,54.7
C0259,2022-01-21,53.44
C0259,2022-05-11,49.18
C0259,2022-11-03,45.64
C0259,2022-12-27,40.8
C0259,2023-02-22,43.67
C0260,2022-02-05,23.78
C0260,2022-02-20,31.83
C0260,2022-07-10,40.23
C0260,2022-07-14,121.26
C0260,2023-02-02,54.6
C0260,2023-03-04,16.04
C0260,2023-07-24,27.03
C0260,2023-09-02,25.47
C0260,2023-11-10,69.36
C0262,2022-02-16,54.4
C0262,2022-07-17,19.59
C0262,2023-03-13,58.9
C0262,2023-09-08,22.61
C0263,2022-02-27,8.51
C0263,2022-06-26,7.04
C0263,2022-09-13,5.94
C0264,2022-08-07,58.4
C0264,2022-11-16,30.47
C0264,2023-05-28,66.05
C0264,2023-07-30,58.95
C0265,2022-05-18,19.54
C0266,2022-04-22,91.2
C0266,2023-03-30,47.61
C0266,2023-08-09,82.43
C0266,2023-09-26,43.39
C0266,2023-10-24,59.99
C0267,2022-08-13,40.65
C0267,2023-05-26,48.32
C0268,2022-02-05,72.36
C0268,2022-03-12,108.49
C0268,2022-03-20,125.06
C0268,2022-03-29,59.98
C0268,2022-04-07,20.43
C0268,2022-05-22,65.46
C0268,2022-05-23,66.15
C0268,2022-07-01,52.4
C0268,2022-07-19,28.05
C0268,2022-08-04,59.3
C0268,2022-09-12,90.67
C0268,2022-10-01,41.24
C0268,2022-10-07,71.78
C0268,2022-12-13,40.24
C0268,2022-12-19,44.0
C0268,2023-02-05,32.87
C0268,2023-03-02,31.14
C0268,2023-05-15,91.89
C0268,2023-05-26,56.76
C0268,2023-06-13,73.72
C0268,2023-09-07,87.25
C0268,2023-09-10,37.35
C0268,2023-11-04,39.24
C0268,2023-11-13,44.6
C0268,2023-12-11,21.89
C0270,2022-05-02,11.5
C0270,2022-06-15,26.97
C0270,2022-06-20,17.05
C0270,2022-11-08,22.01
C0271,2022-05-21,15.54
C0271,2022-08-15,36.3
C0271,2022-08-20,37.87
C0272,2022-08-03,15.58
C0272,2023-01-07,16.0
C0272,2023-08-29,56.75
C0272,2023-09-20,36.55
C0273,2022-01-21,39.15
C0274,2022-02-24,61.72
C0274,2023-05-05,83.92
C0275,2022-04-10,15.8
C0275,2022-07-15,22.77
C0275,2023-10-10,43.61
C0276,2022-10-18,26.46
C0276,2023-02-20,68.03
C0277,2022-01-15,64.3
C0277,2022-03-31,74.91
C0277,2022-05-17,78.69
C0277,2022-05-30,45.18
C0277,2022-06-06,131.61
C0277,2022-06-30,41.2
C0277,2022-07-31,94.19
C0278,2022-01-08,81.07
C0278,2022-04-20,59.46
C0278,2022-05-12,112.55
C0278,2022-05-20,69.34
C0278,2022-07-05,71.14
C0278,2022-11-05,67.16
C0278,2023-05-16,46.9
C0278,2023-06-04,99.88
C0278,2023-10-10,57.52
C0278,2023-10-24,64.25
C0278,2023-11-30,60.7
C0280,2022-01-11,28.62
C0281,2022-02-06,34.74
C0281,2022-04-09,23.78
C0282,2022-07-17,114.82
C0282,2022-10-29,59.9
C0282,2022-12-06,44.92
C0282,2023-04-23,31.23
C0282,2023-08-14,174.75
C0282,2023-11-29,104.63
C0283,2022-12-05,65.25
C0283,2023-02-19,66.49
C0284,2022-04-01,104.63
C0285,2022-12-28,244.2
C0286,2022-01-30,46.74
C0286,2022-02-03,33.97
C0286,2022-05-01,23.88
C0286,2022-06-16,42.14
C0286,2022-07-08,34.76
C0286,2022-10-23,55.63
C0286,2022-11-27,50.44
C0286,2023-01-30,33.97
C0286,2023-04-15,62.38
C0287,2022-02-10,47.53
C0287,2022-02-15,107.14
C0287,2022-02-25,79.87
C0287,2022-03-04,91.94
C0287,2022-05-17,45.01
C0287,2022-08-16,147.33
C0287,2022-12-30,97.31
C0287,2023-02-11,59.41
C0287,2023-04-15,56.72
C0287,2023-05-11,118.99
C0287,2023-06-08,49.83
C0287,2023-06-10,51.97
C0287,2023-06-12,76.91
C0287,2023-06-16,40.56
C0287,2023-06-21,21.49
C0287,2023-11-24,65.17
C0288,2022-02-09,35.34
C0288,2022-04-03,33.74
C0288,2022-06-01,14.74
C0289,2023-01-28,49.75
C0290,2023-09-07,29.56
C0291,2022-05-07,20.45
C0291,2022-07-02,40.71
C0291,2022-08-23,47.95
C0292,2022-01-15,50.34
C0292,2022-01-25,92.79
C0292,2022-02-12,26.7
C0292,2022-03-07,36.56
C0292,2022-04-25,35.2
C0292,2022-05-31,41.98
C0292,2022-06-05,22.96
C0292,2022-06-14,37.34
C0292,2023-05-10,59.1
C0292,2023-07-16,42.89
C0292,2023-08-15,21.89
C0292,2023-08-22,54.16
C0292,2023-10-10,19.38
C0292,2023-10-18,31.42
C0292,2023-10-31,7.73
C0292,2023-12-26,19.2
C0293,2022-06-13,63.01
C0293,2022-07-01,92.32
C0293,2023-05-17,50.83
C0294,2022-05-02,87.08
C0294,2022-06-22,68.89
C0294,2022-08-03,39.44
C0296,2022-01-20,68.42
C0296,2022-12-05,81.91
C0296,2023-04-19,144.93
C0297,2022-04-02,36.18
C0297,2022-09-28,34.21
C0297,2022-12-06,20.71
C0297,2022-12-26,17.38
C0297,2023-03-13,17.75
C0297,2023-08-09,23.88
C0298,2023-01-20,53.07
C0300,2022-05-28,73.93
C0300,2022-06-23,73.54
C0300,2022-07-17,73.87
C0300,2023-04-13,67.5
C0301,2022-10-26,70.54
C0301,2023-03-10,112.91
C0301,2023-11-17,60.7
C0302,2022-02-02,29.39
C0302,2022-05-25,27.3
C0302,2022-09-26,55.83
C0303,2022-05-09,23.01
C0303,2022-06-29,20.48
C0303,2022-07-13,17.96
C0303,2023-02-27,20.71
C0303,2023-03-06,23.18
C0303,2023-07-27,70.25
C0303,2023-09-22,37.11
C0304,2022-06-08,120.76
C0304,2023-07-06,103.31
C0304,2023-07-13,104.23
C0305,2022-01-05,60.11
C0305,2022-01-20,24.91
C0305,2022-03-01,28.15
C0305,2022-03-19,39.43
C0305,2023-03-31,33.53
C0305,2023-08-31,65.7
C0305,2023-09-27,62.78
C0306,2022-08-12,21.37
C0306,2023-04-18,10.39
C0306,2023-05-31,12.6
C0306,2023-06-22,14.86
C0306,2023-09-01,12.45
C0306,2023-10-14,6.57
C0306,2023-10-14,15.08
C0306,2023-11-19,11.43
C0307,2022-03-01,23.27
C0307,2022-03-23,36.05
C0307,2023-11-09,28.12
C0308,2022-03-21,177.76
C0308,2023-05-04,103.24
C0308,2023-12-18,144.1
C0310,2022-10-28,14.41
C0311,2022-04-21,68.42
C0311,2022-06-30,109.26
C0311,2023-03-26,60.1
C0312,2022-03-27,122.72
C0312,2022-05-13,158.87
C0312,2022-07-05,66.22
C0312,2022-07-24,129.32
C0312,2022-12-17,39.33
C0312,2023-02-15,102.03
C0312,2023-05-18,81.52
C0312,2023-07-16,64.61
C0312,2023-08-02,26.31
C0313,2022-01-12,45.42
C0313,2022-01-25,35.49
C0313,2022-03-20,32.3
C0313,2022-04-04,50.92
C0313,2022-05-27,23.18
C0313,2022-07-25,19.93
C0313,2023-02-22,30.59
C0313,2023-03-14,17.09
C0313,2023-03-20,30.13
C0313,2023-03-24,16.24
C0313,2023-06-18,15.76
C0314,2022-03-12,26.24
C0315,2022-03-24,29.4
C0316,2022-01-19,50.3
C0316,2022-01-23,44.98
C0316,2022-01-31,38.23
C0316,2022-02-02,30.47
C0316,2022-03-02,27.79
C0316,2022-04-09,21.08
C0316,2022-05-21,31.04
C0316,2022-06-08,43.78
C0316,2022-06-27,47.17
C0316,2022-06-29,61.94
C0316,2022-08-07,59.2
C0316,2022-08-21,10.53
C0316,2022-10-13,62.34
C0316,2022-11-12,17.29
C0316,2022-12-20,45.55
C0316,2023-02-27,56.42
C0316,2023-05-05,20.04
C0316,2023-05-08,39.62
C0316,2023-05-19,53.68
C0316,2023-12-08,23.75
C0317,2022-01-08,155.15
C0317,2022-01-14,127.32
C0317,2022-02-12,65.84
C0317,2022-03-07,64.0
C0317,2022-06-22,31.48
C0317,2023-06-05,63.28
C0317,2023-08-24,61.54
C0317,2023-10-18,28.08
C0317,2023-12-12,99.12
C0319,2022-05-05,58.49
C0319,2022-05-16,51.38
C0319,2022-12-23,36.75
C0319,2023-03-09,26.33
C0319,2023-05-04,51.01
C0319,2023-09-02,29.99
C0320,2022-04-12,55.46
C0320,2023-05-21,63.87
C0320,2023-06-08,59.2
C0320,2023-12-04,73.41
C0321,2022-11-23,47.31
C0321,2023-01-06,62.64
C0321,2023-01-31,32.71
C0321,2023-02-16,41.21
C0321,2023-07-25,41.32
C0322,2023-01-24,19.62
C0322,2023-02-19,29.52
C0322,2023-04-08,43.88
C0322,2023-06-25,44.47
C0322,2023-07-22,29.02
C0322,2023-08-27,17.14
C0323,2022-01-14,50.9
C0323,2022-02-18,49.6
C0323,2022-07-19,35.96
C0324,2022-03-19,66.16
C0324,2022-03-29,47.42
C0324,2023-03-19,54.09
C0324,2023-06-20,154.9
C0324,2023-09-20,77.74
C0325,2022-06-17,39.39
C0325,2022-08-31,30.91
C0325,2022-11-01,76.9
C0326,2022-01-12,101.04
C0326,2022-02-05,134.7
C0326,2022-06-16,123.94
C0326,2022-07-12,112.22
C0326,2023-04-14,50.79
C0327,2022-01-03,76.38
C0327,2022-01-21,18.28
C0327,2022-02-06,52.73
C0327,2022-07-02,61.2
C0327,2022-07-24,58.12
C0327,2022-07-25,38.98
C0327,2022-09-01,46.58
C0327,2022-09-12,34.76
C0327,2022-09-21,38.81
C0327,2022-12-02,35.15
C0327,2022-12-28,31.02
C0327,2023-01-16,65.59
C0327,2023-01-20,65.08
C0327,2023-02-19,78.56
C0327,2023-03-04,42.47
C0327,2023-03-09,74.33
C0327,2023-06-26,132.63
C0327,2023-07-09,61.23
C0328,2022-02-02,68.57
C0328,2023-11-14,127.81
C0330,2022-05-30,74.46
C0330,2023-10-12,64.4
C0330,2023-10-15,70.23
C0330,2023-12-11,57.66
C0331,2022-04-04,35.54
C0331,2022-05-06,31.04
C0331,2022-06-01,22.54
C0331,2022-09-10,49.56
C0331,2022-09-25,39.08
C0331,2023-01-06,52.16
C0331,2023-04-11,59.81
C0331,2023-08-11,57.61
C0331,2023-08-18,25.5
C0332,2022-03-04,103.13
C0332,2022-03-05,56.88
C0332,2022-03-09,99.59
C0332,2022-03-18,104.22
C0332,2022-05-11,121.96
C0332,2022-05-29,108.53
C0332,2022-05-30,189.06
C0332,2022-06-11,29.33
C0332,2022-06-30,221.76
C0332,2022-09-12,54.83
C0332,2022-09-14,114.07
C0332,2022-09-17,81.92
C0332,2022-10-24,67.9
C0332,2022-11-10,56.14
C0332,2022-12-29,191.04
C0332,2023-02-15,106.2
C0332,2023-04-07,148.62
C0332,2023-04-23,128.42
C0332,2023-05-01,84.5
C0332,2023-05-14,128.45
C0332,2023-05-24,93.16
C0332,2023-06-04,83.14
C0332,2023-07-14,142.19
C0332,2023-07-28,74.18
C0332,2023-08-01,86.21
C0332,2023-08-14,76.05
C0332,2023-08-24,68.91
C0332,2023-09-21,169.88
C0332,2023-09-28,198.87
C0332,2023-10-25,41.93
C0332,2023-11-29,90.84
C0335,2022-04-03,19.17
C0335,2022-10-04,42.23
C0335,2022-12-04,20.74
C0336,2022-03-04,35.16
C0336,2022-07-02,56.0
C0336,2022-09-24,20.33
C0336,2022-10-14,70.21
C0336,2022-10-29,65.61
C0336,2023-01-06,24.94
C0336,2023-02-09,46.5
C0336,2023-04-20,64.37
C0336,2023-04-21,81.11
C0336,2023-08-04,65.08
C0336,2023-08-12,112.52
C0336,2023-09-21,26.95
C0336,2023-10-09,74.22
C0336,2023-11-01,99.2
C0336,2023-11-11,50.26
C0337,2022-01-11,44.3
C0338,2022-04-24,47.78
C0338,2022-06-06,61.27
C0338,2022-08-28,221.88
C0340,2023-01-26,41.08
C0340,2023-04-26,19.62
C0340,2023-07-17,62.61
C0340,2023-08-10,43.9
C0340,2023-09-16,57.36
C0341,2022-10-08,61.9
C0341,2022-10-28,83.16
C0341,2022-12-04,87.03
C0341,2023-01-05,131.62
C0341,2023-03-09,37.23
C0341,2023-10-18,78.44
C0341,2023-11-14,98.07
C0341,2023-12-08,148.85
C0342,2022-02-09,90.7
C0342,2022-06-09,115.68
C0342,2022-07-11,151.73
C0342,2022-09-24,135.95
C0342,2022-12-26,114.73
C0342,2023-08-12,199.9
C0342,2023-11-29,79.92
C0343,2022-03-24,44.76
C0343,2022-04-03,40.22
C0343,2022-07-23,53.69
C0343,2022-11-16,68.89
C0343,2023-02-15,94.78
C0343,2023-03-30,60.86
C0344,2022-04-29,173.27
C0344,2022-07-30,36.48
C0344,2022-11-30,64.25
C0344,2023-03-11,33.05
C0344,2023-10-08,126.4
C0344,2023-11-08,157.45
C0345,2022-02-11,17.64
C0345,2022-03-16,30.9
C0345,2022-07-25,21.51
C0345,2023-01-07,28.21
C0345,2023-01-08,45.35
C0345,2023-02-07,26.62
C0345,2023-06-20,14.8
C0347,2022-09-16,41.36
C0347,2022-11-01,22.39
C0347,2022-11-28,26.54
C0347,2023-01-13,32.2
C0347,2023-02-13,45.67
C0347,2023-02-16,39.15
C0347,2023-08-24,27.45
C0347,2023-10-28,27.14
C0348,2022-09-09,133.54
C0349,2022-09-05,78.86
C0349,2022-09-23,82.73
C0349,2022-10-22,53.18
C0349,2023-01-21,75.91
C0349,2023-04-12,178.64
C0349,2023-09-07,50.45
C0349,2023-09-23,82.94
C0349,2023-11-04,98.0
C0349,2023-11-07,62.6
C0349,2023-12-05,117.34
C0350,2022-01-31,154.43
C0350,2022-02-18,113.66
C0350,2022-03-16,175.57
C0350,2022-05-16,131.8
C0350,2022-05-22,65.0
C0350,2022-06-05,148.73
C0350,2022-06-22,63.26
C0350,2022-09-10,86.3
C0350,2022-09-12,50.94
C0350,2022-09-19,98.54
C0350,2022-10-23,84.07
C0350,2022-10-26,80.29
C0350,2022-11-20,138.4
C0350,2022-12-25,110.15
C0350,2023-01-21,220.88
C0350,2023-02-27,137.89
C0350,2023-03-17,72.54
C0350,2023-03-21,49.6
C0350,2023-04-21,72.76
C0350,2023-04-21,157.09
C0350,2023-04-24,113.51
C0350,2023-05-20,60.44
C0350,2023-05-22,121.07
C0350,2023-06-16,54.21
C0350,2023-08-17,158.18
C0350,2023-08-28,153.06
C0350,2023-08-30,108.42
C0350,2023-09-08,52.75
C0350,2023-12-24,79.17
C0352,2022-08-15,109.88
C0353,2022-03-05,31.63
C0353,2022-05-31,54.53
C0353,2022-11-19,25.5
C0353,2022-11-22,25.16
C0353,2023-02-27,19.0
C0353,2023-07-13,11.05
C0353,2023-08-06,23.56
C0353,2023-08-10,36.34
C0353,2023-08-12,49.3
C0353,2023-09-18,47.16
C0353,2023-11-15,10.76
C0353,2023-12-06,22.18
C0354,2022-01-12,33.98
C0354,2023-02-03,83.49
C0354,2023-02-09,40.12
C0354,2023-11-18,31.63
C0355,2022-04-29,38.38
C0355,2022-08-04,40.51
C0355,2023-06-17,13.59
C0355,2023-09-01,22.24
C0355,2023-09-02,20.83
C0355,2023-11-14,55.23
C0356,2022-03-04,80.3
C0357,2022-05-14,34.47
C0357,2022-10-12,31.86
C0357,2023-04-11,15.93
C0357,2023-10-12,27.36
C0357,2023-12-27,35.6
C0358,2022-01-29,74.71
C0358,2022-06-29,131.87
C0358,2022-08-02,80.6
C0358,2022-10-06,76.35
C0358,2022-10-23,125.7
C0358,2023-03-29,83.94
C0359,2022-08-20,38.25
C0359,2022-09-06,41.98
C0359,2022-10-14,75.83
C0359,2022-12-27,77.11
C0359,2023-02-03,95.68
C0359,2023-03-14,69.29
C0359,2023-03-21,27.03
C0359,2023-04-26,20.3
C0359,2023-05-04,36.21
C0359,2023-05-06,45.43
C0359,2023-06-01,34.76
C0359,2023-06-13,117.46
C0359,2023-09-04,43.37
C0359,2023-11-25,62.34
C0359,2023-12-05,90.3
C0359,2023-12-22,77.1
C0360,2022-01-20,32.66
C0360,2023-07-12,10.93
C0361,2022-06-01,87.36
C0361,2022-08-09,82.34
C0361,2023-03-24,96.21
C0362,2022-01-23,75.1
C0362,2022-01-26,174.68
C0362,2022-05-11,71.12
C0362,2022-06-12,116.16
C0362,2022-07-31,57.28
C0362,2022-08-12,159.6
C0362,2022-08-13,91.52
C0362,2023-02-12,223.3
C0362,2023-04-23,117.43
C0362,2023-05-30,66.18
C0362,2023-06-11,185.3
C0362,2023-07-12,181.8
C0362,2023-10-29,112.84
C0364,2022-02-11,24.22
C0364,2022-03-10,28.44
C0364,2022-06-19,28.03
C0365,2022-11-03,53.59
C0365,2022-12-17,34.78
C0365,2023-07-28,23.93
C0366,2022-01-09,96.34
C0366,2022-05-14,41.32
C0366,2022-07-19,54.4
C0366,2022-10-06,93.47
C0366,2022-10-21,65.42
C0366,2023-02-24,54.5
C0366,2023-04-05,72.81
C0366,2023-11-27,98.96
C0367,2022-10-30,40.32
C0371,2022-03-15,84.25
C0371,2022-06-06,43.92
C0371,2023-06-18,117.54
C0371,2023-09-12,189.15
C0371,2023-11-25,61.06
C0372,2022-03-10,32.33
C0373,2022-03-17,50.96
C0373,2022-06-30,42.86
C0373,2023-03-12,9.54
C0373,2023-03-27,75.58
C0373,2023-09-02,75.49
C0374,2022-01-25,55.43
C0374,2022-02-26,87.99
C0374,2022-03-23,17.02
C0374,2022-04-20,33.86
C0374,2022-05-05,27.21
C0374,2022-06-14,55.73
C0374,2022-07-03,34.67
C0374,2022-07-31,30.84
C0374,2022-08-21,39.97
C0374,2022-08-27,65.8
C0374,2022-09-08,29.64
C0374,2022-09-14,38.96
C0374,2022-12-23,31.42
C0374,2023-02-03,33.34
C0374,2023-02-25,17.01
C0374,2023-04-20,46.32
C0374,2023-06-11,29.98
C0374,2023-08-03,29.34
C0374,2023-08-24,27.96
C0374,2023-12-07,28.02
C0374,2023-12-14,20.25
C0375,2022-03-07,27.31
C0375,2022-06-05,40.17
C0375,2022-07-29,63.98
C0375,2022-08-17,79.32
C0375,2022-08-22,71.47
C0375,2022-09-04,18.03
C0375,2022-09-15,68.29
C0376,2023-06-01,41.6
C0376,2023-12-11,63.54
C0377,2022-02-04,57.9
C0377,2022-03-05,10.93
C0377,2022-03-15,20.96
C0377,2022-03-17,22.35
C0377,2022-03-24,55.66
C0377,2022-05-08,42.52
C0377,2022-07-04,31.53
C0377,2022-07-07,40.37
C0380,2022-04-20,19.02
C0380,2022-05-05,7.91
C0380,2023-07-26,9.32
C0382,2022-01-26,51.77
C0382,2022-04-23,81.33
C0383,2022-01-24,50.14
C0383,2022-07-04,31.26
C0383,2022-10-30,59.42
C0383,2022-12-14,13.21
C0383,2023-01-30,75.82
C0383,2023-07-22,41.39
C0383,2023-10-13,80.15
C0384,2022-03-29,63.38
C0384,2022-05-14,43.17
C0384,2022-06-08,54.9
C0384,2022-07-24,50.55
C0384,2022-09-09,49.24
C0384,2022-10-11,89.21
C0384,2022-10-17,52.85
C0384,2022-11-25,48.06
C0384,2022-12-15,80.34
C0384,2023-01-19,50.8
C0384,2023-03-16,71.27
C0384,2023-03-24,67.31
C0384,2023-03-30,24.31
C0384,2023-04-02,101.29
C0384,2023-04-11,51.59
C0384,2023-04-17,117.02
C0384,2023-04-27,100.36
C0385,2022-03-08,13.09
C0385,2022-08-11,51.14
C0385,2022-09-01,38.43
C0387,2023-06-29,51.36
C0388,2023-04-30,47.93
C0388,2023-11-12,29.58
C0389,2022-01-01,19.66
C0389,2022-01-07,16.85
C0389,2022-05-01,38.21
C0389,2022-06-09,29.68
C0389,2022-08-08,33.79
C0389,2022-12-28,32.51
C0389,2023-04-09,87.67
C0389,2023-07-02,37.06
C0389,2023-07-27,27.43
C0389,2023-08-21,29.64
C0389,2023-12-24,20.79
C0390,2022-01-16,70.43
C0390,2022-01-24,128.35
C0390,2022-02-03,68.02
C0390,2022-03-16,237.23
C0390,2022-04-17,137.22
C0390,2022-09-22,121.65
C0390,2022-11-27,120.58
C0390,2022-12-08,133.73
C0390,2022-12-28,146.65
C0390,2023-01-03,75.42
C0390,2023-01-12,113.35
C0391,2022-02-21,43.28
C0391,2022-03-28,138.36
C0391,2022-11-24,131.75
C0391,2023-02-11,51.91
C0391,2023-03-06,50.0
C0392,2023-06-29,91.05
C0392,2023-10-27,41.77
C0393,2022-01-06,73.08
C0393,2022-07-15,20.5
C0393,2022-08-04,17.81
C0393,2023-02-27,13.57
C0393,2023-03-09,13.87
C0393,2023-07-18,57.91
C0394,2022-03-24,72.27
C0394,2022-08-29,72.1
C0394,2022-12-15,85.61
C0394,2022-12-16,113.81
C0394,2023-03-22,8.36
C0394,2023-08-25,61.26
C0394,2023-12-17,117.06
C0395,2022-02-21,71.08
C0395,2022-04-01,77.63
C0395,2022-07-20,46.62
C0395,2023-10-26,30.73
C0398,2022-03-14,139.43
C0398,2022-04-14,88.16
C0398,2022-06-04,84.59
C0399,2022-01-04,129.05
C0400,2022-01-24,107.23
C0400,2022-07-13,187.11
C0400,2022-10-30,24.22
C0400,2022-10-30,147.65
C0400,2023-09-12,96.72
C0401,2022-01-28,52.99
C0401,2022-07-10,34.01
C0402,2023-05-09,55.43
C0403,2023-02-23,81.89
C0404,2022-01-31,109.26
C0404,2022-02-12,60.54
C0404,2022-06-14,12.32
C0404,2022-07-08,63.69
C0404,2022-07-19,73.3
C0404,2022-09-11,112.79
C0404,2022-10-12,44.66
C0404,2022-10-13,89.48
C0404,2023-01-02,136.89
C0404,2023-02-27,63.88
C0404,2023-04-02,54.9
C0404,2023-04-17,53.88
C0404,2023-06-12,87.73
C0404,2023-06-15,94.85
C0405,2023-05-22,18.06
C0407,2022-11-01,19.99
C0408,2022-06-11,14.61
C0408,2022-06-17,34.32
C0408,2022-06-18,22.21
C0408,2022-06-24,37.15
C0408,2022-07-09,49.39
C0408,2022-09-24,42.22
C0408,2022-11-21,48.81
C0408,2023-03-21,42.69
C0408,2023-05-05,61.27
C0408,2023-07-13,43.99
C0408,2023-07-14,17.64
C0408,2023-09-17,58.94
C0408,2023-10-25,44.56
C0409,2022-01-06,100.13
C0409,2022-01-13,31.79
C0409,2022-06-25,40.62
C0409,2022-11-12,19.98
C0409,2023-05-02,50.89
C0410,2022-01-18,109.09
C0410,2022-02-26,59.53
C0410,2022-03-02,85.42
C0410,2022-05-28,31.37
C0411,2022-06-28,39.32
C0411,2022-09-15,24.14
C0411,2022-10-03,25.83
C0411,2022-10-25,30.68
C0411,2023-03-22,18.7
C0412,2022-02-10,56.89
C0412,2022-05-07,51.06
C0412,2023-04-26,10.18
C0412,2023-05-04,39.71
C0412,2023-06-24,36.61
C0412,2023-07-17,47.96
C0412,2023-07-24,52.07
C0412,2023-12-13,29.56
C0413,2022-01-05,20.54
C0413,2022-03-01,82.21
C0413,2022-10-24,57.88
C0413,2022-11-15,62.68
C0413,2023-08-15,32.52
C0415,2022-01-23,33.47
C0415,2022-07-10,23.85
C0416,2022-03-26,108.91
C0416,2022-12-07,54.59
C0416,2023-04-02,68.55
C0416,2023-07-05,38.93
C0416,2023-11-16,109.36
C0416,2023-12-24,73.43
C0419,2022-03-01,71.16
C0419,2022-09-25,119.38
C0419,2022-10-14,211.97
C0419,2022-11-22,135.3
C0419,2022-12-06,96.57
C0419,2023-01-26,127.39
C0420,2022-02-22,85.59
C0420,2023-05-16,63.02
C0421,2022-05-29,21.39
C0421,2022-06-15,19.44
C0421,2022-09-04,57.37
C0421,2022-12-13,28.46
C0421,2023-01-23,19.39
C0421,2023-03-01,12.99
C0421,2023-03-26,46.82
C0421,2023-04-12,4.5
C0421,2023-08-04,35.0
C0421,2023-08-15,16.71
C0421,2023-10-19,51.29
C0421,2023-12-10,29.28
C0422,2022-03-15,27.45
C0422,2022-04-20,66.64
C0422,2022-09-07,35.13
C0422,2023-01-28,80.65
C0423,2022-03-11,125.93
C0423,2022-05-13,76.52
C0423,2022-10-01,43.58
C0423,2022-12-08,101.29
C0423,2022-12-18,44.45
C0423,2023-09-23,33.5
C0423,2023-10-12,32.21
C0423,2023-10-25,71.34
C0425,2023-08-13,49.9
C0428,2022-06-13,39.94
C0428,2022-07-12,44.63
C0428,2022-10-09,11.86
C0428,2023-11-04,38.35
C0429,2022-01-25,8.75
C0429,2022-06-17,7.28
C0429,2022-11-29,12.72
C0429,2022-12-21,20.51
C0430,2022-04-29,44.24
C0430,2023-03-22,124.68
C0431,2022-01-07,100.54
C0431,2022-01-12,47.77
C0433,2022-05-30,137.4
C0433,2022-07-24,67.43
C0433,2022-09-12,155.22
C0433,2023-05-09,48.93
C0433,2023-08-20,243.96
C0434,2022-02-27,208.18
C0434,2022-08-19,180.2
C0434,2022-10-08,118.31
C0434,2023-03-24,77.93
C0434,2023-04-21,47.84
C0434,2023-06-16,113.32
C0434,2023-06-17,64.48
C0434,2023-07-01,69.88
C0434,2023-10-04,181.73
C0434,2023-11-26,20.69
C0436,2022-02-11,13.75
C0436,2022-07-20,19.01
C0436,2023-10-11,42.55
C0437,2022-01-11,35.7
C0437,2022-02-16,68.35
C0437,2022-03-31,47.98
C0438,2022-08-13,42.64
C0438,2022-11-29,28.47
C0438,2023-09-22,37.06
C0439,2022-03-03,67.84
C0439,2022-03-12,59.56
C0439,2022-03-22,67.91
C0439,2022-03-30,31.17
C0439,2022-04-08,48.12
C0439,2022-10-12,41.67
C0439,2022-11-14,53.72
C0439,2023-02-27,60.65
C0439,2023-07-26,44.81
C0440,2022-03-31,11.99
C0441,2022-02-07,82.86
C0441,2022-04-02,103.0
C0441,2022-07-06,98.17
C0441,2022-07-15,76.76
C0441,2022-08-08,59.18
C0441,2022-11-17,154.67
C0441,2023-03-16,107.45
C0441,2023-05-02,139.1
C0441,2023-05-28,61.01
C0442,2022-04-30,32.0
C0442,2022-11-24,38.71
C0442,2023-02-06,28.17
C0442,2023-11-09,11.76
C0443,2022-07-16,65.61
C0443,2022-09-27,40.82
C0443,2022-12-17,170.65
C0443,2022-12-23,85.35
C0443,2023-01-13,40.11
C0443,2023-01-26,86.21
C0443,2023-06-16,183.14
C0443,2023-09-06,89.64
C0443,2023-09-12,133.15
C0443,2023-10-14,43.4
C0443,2023-10-17,144.03
C0443,2023-12-01,103.93
C0445,2022-04-30,25.36
C0445,2022-06-19,49.34
C0446,2022-06-04,37.54
C0446,2022-06-23,61.23
C0446,2022-07-05,42.69
C0446,2022-07-07,45.39
C0446,2023-01-26,64.9
C0446,2023-08-02,25.46
C0446,2023-09-01,98.93
C0446,2023-10-05,30.38
C0446,2023-10-12,57.31
C0446,2023-10-30,30.21
C0446,2023-12-05,17.57
C0447,2022-01-03,94.85
C0447,2022-01-20,92.68
C0447,2022-02-02,69.42
C0448,2022-01-18,95.88
C0448,2022-03-23,80.57
C0448,2022-05-13,52.05
C0448,2022-06-26,46.38
C0448,2022-07-18,58.56
C0448,2022-08-10,78.88
C0448,2022-11-05,51.26
C0449,2022-03-17,88.65
C0449,2022-03-24,45.17
C0449,2022-04-11,20.55
C0449,2022-05-05,10.07
C0449,2022-05-27,82.42
C0449,2022-06-09,34.23
C0449,2022-09-02,55.42
C0449,2022-11-17,49.18
C0449,2022-11-25,16.41
C0449,2023-01-08,30.25
C0449,2023-01-22,93.45
C0449,2023-01-27,30.09
C0449,2023-05-11,29.81
C0449,2023-06-28,9.11
C0449,2023-08-08,65.65
C0449,2023-11-03,72.84
C0449,2023-12-19,47.14
C0449,2023-12-25,69.56
C0451,2022-01-04,57.99
C0451,2022-05-26,80.34
C0451,2022-07-15,35.9
C0451,2022-08-21,56.18
C0451,2022-10-23,64.39
C0451,2022-11-05,48.76
C0451,2022-12-01,92.6
C0451,2022-12-18,87.01
C0451,2023-01-03,72.32
C0451,2023-04-01,37.0
C0451,2023-04-29,171.7
C0451,2023-05-21,113.85
C0451,2023-07-13,46.27
C0451,2023-08-17,62.71
C0451,2023-12-03,93.46
C0452,2023-07-31,144.04
C0452,2023-09-06,166.99
C0452,2023-09-29,50.3
C0453,2022-01-24,45.32
C0453,2023-08-02,56.08
C0453,2023-10-18,40.86
C0455,2022-09-09,121.14
C0455,2023-11-05,74.23
C0456,2022-03-01,91.15
C0456,2022-03-22,55.9
C0456,2022-06-12,75.58
C0456,2022-08-07,67.47
C0456,2022-08-08,71.64
C0456,2022-11-14,59.37
C0456,2022-12-18,49.89
C0456,2023-01-21,86.07
C0456,2023-04-08,56.32
C0456,2023-07-03,45.81
C0456,2023-11-27,57.83
C0456,2023-12-17,66.36
C0456,2023-12-28,79.01
C0457,2022-01-26,45.01
C0457,2022-04-02,66.48
C0458,2022-08-11,46.04
C0458,2022-10-12,78.16
C0458,2023-04-28,54.38
C0458,2023-07-23,24.88
C0458,2023-09-02,28.86
C0460,2022-10-08,37.61
C0460,2023-04-07,34.69
C0462,2023-04-23,173.41
C0462,2023-08-01,76.38
C0462,2023-12-18,76.82
C0463,2022-01-28,18.47
C0463,2022-02-16,38.35
C0463,2022-03-31,62.65
C0463,2022-04-03,48.75
C0463,2022-04-06,38.67
C0463,2022-08-13,29.79
C0463,2022-08-23,53.44
C0463,2022-11-12,53.47
C0463,2023-01-01,39.16
C0463,2023-01-21,17.55
C0463,2023-01-23,21.07
C0463,2023-03-09,63.97
C0463,2023-03-30,26.52
C0463,2023-07-02,22.68
C0463,2023-07-06,25.82
C0463,2023-07-06,9.99
C0463,2023-09-24,40.19
C0463,2023-10-26,29.77
C0463,2023-12-10,31.39
C0463,2023-12-24,28.77
C0464,2022-02-20,90.24
C0465,2022-05-29,107.87
C0465,2022-06-07,105.17
C0465,2022-12-28,50.08
C0465,2023-03-05,48.75
C0465,2023-03-29,86.37
C0465,2023-04-13,71.44
C0465,2023-05-02,101.68
C0465,2023-06-27,87.34
C0465,2023-08-11,91.56
C0465,2023-08-22,52.39
C0465,2023-08-25,33.33
C0465,2023-12-13,55.51
C0466,2022-03-22,8.93
C0466,2022-10-08,8.92
C0466,2023-01-07,17.38
C0466,2023-02-23,7.76
C0466,2023-06-24,18.17
C0466,2023-09-03,4.28
C0466,2023-12-09,4.84
C0467,2022-04-07,17.46
C0467,2022-08-01,7.86
C0467,2022-10-26,40.37
C0467,2022-12-23,43.28
C0467,2023-01-21,40.07
C0467,2023-02-06,39.77
C0467,2023-07-09,20.34
C0468,2022-01-15,148.24
C0468,2022-01-21,191.14
C0470,2022-02-11,18.01
C0470,2022-04-26,21.63
C0470,2022-08-10,43.03
C0471,2022-08-14,16.73
C0471,2022-09-13,15.71
C0471,2022-09-27,31.85
C0471,2023-02-28,19.91
C0471,2023-03-20,6.73
C0471,2023-08-07,8.29
C0472,2022-01-05,53.92
C0472,2022-01-08,20.97
C0472,2022-04-25,63.76
C0472,2022-05-06,28.44
C0472,2022-08-21,8.41
C0472,2022-10-19,32.23
C0472,2022-11-10,34.29
C0472,2023-01-12,40.15
C0472,2023-01-16,52.86
C0472,2023-02-06,28.38
C0472,2023-03-24,26.39
C0472,2023-03-27,22.88
C0472,2023-05-08,13.05
C0472,2023-05-12,35.63
C0472,2023-10-23,34.13
C0473,2022-01-17,66.99
C0473,2022-04-03,21.55
C0473,2022-06-07,41.1
C0473,2022-09-10,40.91
C0473,2022-11-19,58.91
C0473,2022-12-09,62.57
C0473,2023-03-07,20.42
C0473,2023-11-28,40.77
C0474,2022-06-22,24.14
C0474,2022-12-10,32.4
C0474,2023-01-23,49.28
C0474,2023-03-05,17.47
C0474,2023-03-24,43.51
C0475,2022-07-04,76.57
C0475,2022-10-17,105.42
C0475,2023-06-13,54.25
C0475,2023-08-05,85.19
C0476,2022-02-25,32.78
C0477,2023-04-20,99.85
C0478,2022-05-28,80.95
C0478,2022-05-31,138.01
C0478,2022-07-27,95.96
C0478,2022-08-14,74.37
C0478,2022-11-29,133.2
C0478,2023-02-01,96.73
C0478,2023-03-02,130.52
C0478,2023-03-09,110.94
C0478,2023-04-06,82.17
C0478,2023-04-21,84.48
C0478,2023-12-25,86.03
C0479,2022-01-17,100.56
C0479,2022-04-11,82.31
C0479,2022-04-20,91.39
C0479,2022-05-16,128.58
C0479,2022-06-14,79.71
C0479,2022-06-24,85.91
C0479,2022-08-13,144.31
C0479,2022-09-26,89.06
C0479,2023-03-09,210.43
C0479,2023-03-30,120.99
C0479,2023-05-12,126.96
C0479,2023-08-07,135.48
C0479,2023-09-20,50.18
C0479,2023-11-29,201.85
C0480,2022-08-22,63.31
C0480,2023-01-08,68.7
C0480,2023-03-02,85.21
C0480,2023-08-26,26.87
C0480,2023-12-14,114.88
C0481,2022-04-15,27.71
C0481,2022-06-15,13.34
C0481,2022-07-18,33.92
C0481,2023-09-05,30.09
C0481,2023-12-12,52.18
C0482,2022-05-13,45.58
C0482,2022-07-11,45.99
C0482,2022-09-26,80.62
C0482,2022-12-19,91.01
C0482,2023-01-04,25.27
C0482,2023-05-21,90.5
C0482,2023-10-06,68.51
C0483,2022-02-04,51.32
C0483,2022-05-04,44.84
C0483,2022-05-12,76.45
C0483,2022-10-18,25.75
C0483,2022-11-10,26.34
C0483,2023-11-03,71.76
C0484,2023-01-20,135.17
C0484,2023-08-28,149.02
C0485,2022-04-26,31.6
C0485,2022-05-04,18.37
C0485,2023-01-16,34.81
C0485,2023-02-14,18.03
C0485,2023-04-26,17.6
C0485,2023-06-10,24.04
C0485,2023-07-26,27.02
C0486,2022-04-20,10.75
C0486,2023-10-15,33.07
C0486,2023-11-24,50.9
C0487,2022-02-28,88.08
C0487,2022-08-30,26.84
C0487,2022-09-27,89.32
C0487,2022-10-11,170.96
C0487,2022-11-04,104.13
C0487,2022-12-06,153.9
C0487,2023-01-27,46.8
C0487,2023-11-13,32.77
C0487,2023-11-22,166.18
C0487,2023-12-21,83.79
C0488,2022-02-17,36.76
C0488,2022-02-19,116.07
C0488,2022-04-03,63.99
C0488,2022-06-05,85.34
C0489,2022-05-02,32.86
C0490,2022-08-07,42.53
C0490,2022-10-15,41.48
C0491,2022-01-11,48.43
C0491,2022-03-09,120.39
C0491,2022-04-19,210.6
C0491,2022-05-05,79.95
C0491,2022-06-08,71.0
C0491,2022-07-15,82.6
C0491,2022-07-19,65.67
C0491,2022-10-15,87.49
C0491,2023-04-12,101.11
C0491,2023-06-11,58.63
C0491,2023-07-15,86.35
C0491,2023-07-28,104.96
C0491,2023-08-10,118.64
C0491,2023-09-22,56.95
C0492,2022-02-08,67.72
C0492,2022-02-20,41.78
C0492,2022-05-27,32.93
C0492,2022-06-15,111.25
C0492,2022-07-21,44.71
C0492,2022-08-29,32.25
C0492,2022-09-10,9.81
C0492,2022-09-21,55.82
C0492,2022-12-26,59.78
C0493,2022-02-12,62.51
C0493,2022-03-20,63.72
C0493,2022-04-03,75.66
C0494,2022-08-30,56.34
C0494,2022-11-20,140.24
C0494,2022-12-14,83.55
C0494,2022-12-25,107.21
C0494,2023-11-30,110.0
C0494,2023-12-03,67.36
C0496,2022-03-20,38.15
C0496,2022-04-09,34.91
C0496,2022-06-14,98.01
C0496,2022-08-18,64.27
C0496,2022-08-21,60.17
C0496,2022-09-07,52.45
C0496,2022-10-31,160.1
C0496,2022-12-24,107.49
C0496,2023-01-17,136.6
C0496,2023-04-20,90.5
C0496,2023-07-03,94.86
C0496,2023-08-09,108.38
C0496,2023-09-03,202.44
C0496,2023-11-23,100.96
C0496,2023-12-23,67.24
C0497,2022-04-12,38.34
C0497,2022-05-25,19.57
C0497,2022-06-02,21.57
C0497,2022-11-15,43.74
C0497,2022-11-17,23.63
C0497,2023-12-04,18.15
C0497,2023-12-07,38.73
C0500,2022-05-27,43.48
C0500,2022-07-20,10.75
C0500,2022-07-29,52.75
